"","pool_number","site","date","substrate","month","broad_category","non_producer_pcover","producer_pcover","non_calcifying_pcover","calcifying_pcover","inv_non_producer_pcover","inv_producer_pcover","inv_calcifying_pcover","inv_non_calcifying_pcover","total_producer_pcover","total_non_producer_pcover","total_calcifying_pcover","total_non_calcifying_pcover"
"1",12,"Kaihalulu Beach",2025-06-08,"limestone","Jun",NA,25,NA,71.4285714285714,NA,0.335097257204931,0,0.330253497517412,0.00484375968751938,NA,25.3350972572049,NA,71.4334151882589
"2",12,"Kaihalulu Beach",2025-06-08,"limestone","Jun","Turf/Cyanobacteria",NA,75,NA,NA,NA,NA,NA,NA,NA,NA,NA,NA
"3",9,"Kaihalulu Beach",2025-06-08,"limestone","Jun",NA,8.7719298245614,NA,58.7719298245614,NA,0.260059492696646,0,0.260059492696646,0,NA,9.03198931725805,NA,58.7719298245614
"4",9,"Kaihalulu Beach",2025-06-08,"limestone","Jun","Turf/Cyanobacteria",NA,91.2280701754386,NA,NA,NA,NA,NA,NA,NA,NA,NA,NA
"5",8,"Kaihalulu Beach",2025-06-08,"limestone","Jun",NA,24.113475177305,NA,89.3617021276596,NA,0.107581358315606,0,0.0966143552495242,0.0109670030660816,NA,24.2210565356206,NA,89.3726691307257
"6",8,"Kaihalulu Beach",2025-06-08,"limestone","Jun","Turf/Cyanobacteria",NA,75.886524822695,NA,NA,NA,NA,NA,NA,NA,NA,NA,NA
"7",5,"Kaihalulu Beach",2025-06-08,"limestone","Jun",NA,54.5454545454545,NA,90.9090909090909,NA,0.923079614552979,0,0.911454591302933,0.0116250232500465,NA,55.4685341600075,NA,90.9207159323409
"8",5,"Kaihalulu Beach",2025-06-08,"limestone","Jun","Turf/Cyanobacteria",NA,45.4545454545455,NA,NA,NA,NA,NA,NA,NA,NA,NA,NA
"9",6,"Kaihalulu Beach",2025-06-08,"limestone","Jun",NA,34.2465753424658,NA,93.1506849315068,NA,1.96391860267875,0,1.8083725169387,0.155546085740059,NA,36.2104939451445,NA,93.3062310172469
"10",6,"Kaihalulu Beach",2025-06-08,"limestone","Jun","Turf/Cyanobacteria",NA,65.7534246575343,NA,NA,NA,NA,NA,NA,NA,NA,NA,NA
"11",7,"Kaihalulu Beach",2025-06-08,"limestone","Jun",NA,81.1594202898551,NA,97.1014492753623,NA,1.02156117129303,0,0.933420626159485,0.0881405451335493,NA,82.1809814611481,NA,97.1895898204959
"12",7,"Kaihalulu Beach",2025-06-08,"limestone","Jun","Turf/Cyanobacteria",NA,18.8405797101449,NA,NA,NA,NA,NA,NA,NA,NA,NA,NA
"13",14,"Kaihalulu Beach",2025-06-08,"limestone","Jun",NA,6.84931506849315,NA,72.6027397260274,NA,3.48174897020179,0.0234109536155611,3.42585943534579,0.0793004884715539,NA,10.3310640386949,NA,72.6820402144989
"14",14,"Kaihalulu Beach",2025-06-08,"limestone","Jun","Turf/Cyanobacteria",NA,93.1506849315068,NA,NA,NA,NA,NA,NA,NA,NA,NA,NA
"15",15,"Kaihalulu Beach",2025-06-08,"limestone","Jun",NA,35.593220338983,NA,99.1525423728813,NA,2.3954660230991,0,2.19990488431327,0.195561138785829,NA,37.9886863620821,NA,99.3481035116672
"16",15,"Kaihalulu Beach",2025-06-08,"limestone","Jun","Turf/Cyanobacteria",NA,64.406779661017,NA,NA,NA,NA,NA,NA,NA,NA,NA,NA
"17",13,"Kaihalulu Beach",2025-06-08,"limestone","Jun",NA,14.2857142857143,NA,88.5714285714286,NA,1.5642598526151,0,1.5642598526151,0,NA,15.8499741383294,NA,88.5714285714286
"18",13,"Kaihalulu Beach",2025-06-08,"limestone","Jun","Turf/Cyanobacteria",NA,85.7142857142857,NA,NA,NA,NA,NA,NA,NA,NA,NA,NA
"19",11,"Kaihalulu Beach",2025-06-08,"limestone","Jun",NA,4.8780487804878,NA,78.0487804878049,NA,2.02831515601671,0.010281837736564,2.02831515601671,0.010281837736564,NA,6.90636393650452,NA,78.0590623255415
"20",11,"Kaihalulu Beach",2025-06-08,"limestone","Jun","Turf/Cyanobacteria",NA,95.1219512195122,NA,NA,NA,NA,NA,NA,NA,NA,NA,NA
"21",10,"Kaihalulu Beach",2025-06-08,"limestone","Jun",NA,3.38983050847458,NA,84.7457627118644,NA,1.85594356674736,0,1.84537536379277,0.0105682029545877,NA,5.24577407522194,NA,84.756330914819
"22",10,"Kaihalulu Beach",2025-06-08,"limestone","Jun","Turf/Cyanobacteria",NA,96.6101694915254,NA,NA,NA,NA,NA,NA,NA,NA,NA,NA
"23",3,"Kaihalulu Beach",2025-06-08,"limestone","Jun",NA,92.4050632911392,NA,93.6708860759494,NA,1.27906759359873,0,0.903829501350391,0.375238092248336,NA,93.684130884738,NA,94.0461241681977
"24",3,"Kaihalulu Beach",2025-06-08,"limestone","Jun","Turf/Cyanobacteria",NA,7.59493670886076,NA,NA,NA,NA,NA,NA,NA,NA,NA,NA
"25",4,"Kaihalulu Beach",2025-06-08,"limestone","Jun",NA,19.3548387096774,NA,78.2258064516129,NA,1.08143897758464,0.00667417537285732,0.962894332600617,0.125218820356884,NA,20.4362776872621,NA,78.3510252719698
"26",4,"Kaihalulu Beach",2025-06-08,"limestone","Jun","Turf/Cyanobacteria",NA,80.6451612903226,NA,NA,NA,NA,NA,NA,NA,NA,NA,NA
"27",2,"Kaihalulu Beach",2025-06-08,"limestone","Jun",NA,14.5833333333333,NA,100,NA,0.86416730936517,0,0.661494206650543,0.202673102714626,NA,15.4475006426985,NA,100.202673102715
"28",2,"Kaihalulu Beach",2025-06-08,"limestone","Jun","Turf/Cyanobacteria",NA,85.4166666666667,NA,NA,NA,NA,NA,NA,NA,NA,NA,NA
"29",1,"Kaihalulu Beach",2025-06-08,"limestone","Jun",NA,65.5172413793103,NA,100,NA,2.97814494734403,0,2.97276299213567,0.00538195520835486,NA,68.4953863266544,NA,100.005381955208
"30",1,"Kaihalulu Beach",2025-06-08,"limestone","Jun","Turf/Cyanobacteria",NA,34.4827586206897,NA,NA,NA,NA,NA,NA,NA,NA,NA,NA
"31",16,"Sandy Beach",2025-06-22,"basalt","Jun",NA,19.047619047619,NA,100,NA,0.0233105389801466,0.089512469706557,0.0233105389801466,0.089512469706557,NA,19.0709295865992,NA,100.089512469707
"32",16,"Sandy Beach",2025-06-22,"basalt","Jun","Turf/Cyanobacteria",NA,80.952380952381,NA,NA,NA,NA,NA,NA,NA,NA,NA,NA
"33",17,"Sandy Beach",2025-06-22,"basalt","Jun",NA,19.2708333333333,NA,100,NA,0.0585706514330636,0,0.0585706514330636,0,NA,19.3294039847664,NA,100
"34",17,"Sandy Beach",2025-06-22,"basalt","Jun","Turf/Cyanobacteria",NA,80.7291666666667,NA,NA,NA,NA,NA,NA,NA,NA,NA,NA
"35",18,"Sandy Beach",2025-06-22,"basalt","Jun",NA,38.0281690140845,NA,100,NA,0.317643983178591,0.332874496721259,0.297209371996869,0.353309107902981,NA,38.3458129972631,NA,100.353309107903
"36",18,"Sandy Beach",2025-06-22,"basalt","Jun","Turf/Cyanobacteria",NA,61.9718309859155,NA,NA,NA,NA,NA,NA,NA,NA,NA,NA
"37",19,"Sandy Beach",2025-06-22,"basalt","Jun",NA,15.1515151515152,NA,100,NA,0.37104747334094,0,0.350554643893743,0.0204928294471974,NA,15.5225626248561,NA,100.020492829447
"38",19,"Sandy Beach",2025-06-22,"basalt","Jun","Turf/Cyanobacteria",NA,84.8484848484848,NA,NA,NA,NA,NA,NA,NA,NA,NA,NA
"39",20,"Sandy Beach",2025-06-22,"basalt","Jun",NA,35.9375,NA,96.875,NA,0.0436270637793569,0.265252547846036,0.0436270637793569,0.265252547846036,NA,35.9811270637794,NA,97.140252547846
"40",20,"Sandy Beach",2025-06-22,"basalt","Jun","Turf/Cyanobacteria",NA,64.0625,NA,NA,NA,NA,NA,NA,NA,NA,NA,NA
"41",21,"Sandy Beach",2025-06-22,"basalt","Jun",NA,15.0537634408602,NA,100,NA,0.667832749068276,0,0.667832749068276,0,NA,15.7215961899285,NA,100
"42",21,"Sandy Beach",2025-06-22,"basalt","Jun","Turf/Cyanobacteria",NA,84.9462365591398,NA,NA,NA,NA,NA,NA,NA,NA,NA,NA
"43",22,"Sandy Beach",2025-06-22,"basalt","Jun",NA,33.5106382978723,NA,100,NA,0.509767635396551,0.0371149264636944,0.492932616970417,0.0539499448898288,NA,34.0204059332689,NA,100.05394994489
"44",22,"Sandy Beach",2025-06-22,"basalt","Jun","Turf/Cyanobacteria",NA,66.4893617021277,NA,NA,NA,NA,NA,NA,NA,NA,NA,NA
"45",23,"Sandy Beach",2025-06-22,"basalt","Jun",NA,94.6969696969697,NA,99.6212121212121,NA,0.326619155346713,0.0252566304566219,0.304912680398494,0.0469631054048415,NA,95.0235888523164,NA,99.668175226617
"46",23,"Sandy Beach",2025-06-22,"basalt","Jun","Turf/Cyanobacteria",NA,5.3030303030303,NA,NA,NA,NA,NA,NA,NA,NA,NA,NA
"47",24,"Sandy Beach",2025-06-22,"basalt","Jun",NA,57.6470588235294,NA,88.235294117647,NA,0.305203895359089,0.096342154908417,0.288219283467788,0.113326766799719,NA,57.9522627188885,NA,88.3486208844468
"48",24,"Sandy Beach",2025-06-22,"basalt","Jun","Turf/Cyanobacteria",NA,42.3529411764706,NA,NA,NA,NA,NA,NA,NA,NA,NA,NA
"49",25,"Sandy Beach",2025-06-22,"basalt","Jun",NA,86.6666666666667,NA,100,NA,0.115657804046586,0,0.097756953027493,0.0179008510190933,NA,86.7823244707132,NA,100.017900851019
"50",25,"Sandy Beach",2025-06-22,"basalt","Jun","Turf/Cyanobacteria",NA,13.3333333333333,NA,NA,NA,NA,NA,NA,NA,NA,NA,NA
"51",28,"Sandy Beach",2025-06-22,"basalt","Jun",NA,78.5714285714286,NA,96.4285714285714,NA,0.315476874887058,0,0.315476874887058,0,NA,78.8869054463156,NA,96.4285714285714
"52",28,"Sandy Beach",2025-06-22,"basalt","Jun","Turf/Cyanobacteria",NA,21.4285714285714,NA,NA,NA,NA,NA,NA,NA,NA,NA,NA
"53",29,"Sandy Beach",2025-06-22,"basalt","Jun",NA,99.009900990099,NA,100,NA,0.218904446815214,0,0.212373534876985,0.00653091193822837,NA,99.2288054369142,NA,100.006530911938
"54",29,"Sandy Beach",2025-06-22,"basalt","Jun","Turf/Cyanobacteria",NA,0.99009900990099,NA,NA,NA,NA,NA,NA,NA,NA,NA,NA
"55",26,"Sandy Beach",2025-06-22,"basalt","Jun",NA,89.8989898989899,NA,98.989898989899,NA,0.317038056223171,0,0.317038056223171,0,NA,90.2160279552131,NA,98.989898989899
"56",26,"Sandy Beach",2025-06-22,"basalt","Jun","Turf/Cyanobacteria",NA,10.1010101010101,NA,NA,NA,NA,NA,NA,NA,NA,NA,NA
"57",27,"Sandy Beach",2025-06-22,"basalt","Jun",NA,100,NA,100,NA,0.204369115238708,0,0.176637666646039,0.0277314485926682,NA,100.204369115239,NA,100.027731448593
"58",27,"Sandy Beach",2025-06-22,"basalt","Jun","Turf/Cyanobacteria",NA,0,NA,NA,NA,NA,NA,NA,NA,NA,NA,NA
"59",30,"Sandy Beach",2025-06-22,"basalt","Jun",NA,100,NA,100,NA,NA,NA,NA,NA,NA,NA,NA,NA
"60",30,"Sandy Beach",2025-06-22,"basalt","Jun","Turf/Cyanobacteria",NA,0,NA,NA,NA,NA,NA,NA,NA,NA,NA,NA
"61",14,"Kaihalulu Beach",2025-07-20,"limestone","Jul",NA,13.5416666666667,NA,77.0833333333333,NA,2.76041581655952,0,2.74029558401136,0.0201202325481574,NA,16.3020824832262,NA,77.1034535658815
"62",14,"Kaihalulu Beach",2025-07-20,"limestone","Jul","Turf/Cyanobacteria",NA,86.4583333333333,NA,NA,NA,NA,NA,NA,NA,NA,NA,NA
"63",13,"Kaihalulu Beach",2025-07-20,"limestone","Jul",NA,29.7297297297297,NA,100,NA,0.165836572521994,0,0.165836572521994,0,NA,29.8955663022517,NA,100
"64",13,"Kaihalulu Beach",2025-07-20,"limestone","Jul","Turf/Cyanobacteria",NA,70.2702702702703,NA,NA,NA,NA,NA,NA,NA,NA,NA,NA
"65",15,"Kaihalulu Beach",2025-07-20,"limestone","Jul",NA,30.1470588235294,NA,100,NA,0.412448153349122,0,0.318741774347579,0.093706379001543,NA,30.5595069768785,NA,100.093706379002
"66",15,"Kaihalulu Beach",2025-07-20,"limestone","Jul","Turf/Cyanobacteria",NA,69.8529411764706,NA,NA,NA,NA,NA,NA,NA,NA,NA,NA
"67",12,"Kaihalulu Beach",2025-07-20,"limestone","Jul",NA,17.6470588235294,NA,41.1764705882353,NA,0.0861035364654375,0,0.0861035364654375,0,NA,17.7331623599949,NA,41.1764705882353
"68",12,"Kaihalulu Beach",2025-07-20,"limestone","Jul","Turf/Cyanobacteria",NA,82.3529411764706,NA,NA,NA,NA,NA,NA,NA,NA,NA,NA
"69",11,"Kaihalulu Beach",2025-07-20,"limestone","Jul",NA,3.77358490566038,NA,74.5283018867924,NA,1.72542089515978,0.0411273509462559,1.72542089515978,0.0411273509462559,NA,5.49900580082016,NA,74.5694292377387
"70",11,"Kaihalulu Beach",2025-07-20,"limestone","Jul","Turf/Cyanobacteria",NA,96.2264150943396,NA,NA,NA,NA,NA,NA,NA,NA,NA,NA
"71",10,"Kaihalulu Beach",2025-07-20,"limestone","Jul",NA,19.1780821917808,NA,93.1506849315068,NA,0.867636921003387,0.0276674906365722,0.843858464355565,0.0514459472843946,NA,20.0457191127842,NA,93.2021308787912
"72",10,"Kaihalulu Beach",2025-07-20,"limestone","Jul","Turf/Cyanobacteria",NA,80.8219178082192,NA,NA,NA,NA,NA,NA,NA,NA,NA,NA
"73",9,"Kaihalulu Beach",2025-07-20,"limestone","Jul",NA,15.5963302752294,NA,52.2935779816514,NA,0.869563976847941,0,0.869563976847941,0,NA,16.4658942520773,NA,52.2935779816514
"74",9,"Kaihalulu Beach",2025-07-20,"limestone","Jul","Turf/Cyanobacteria",NA,84.4036697247707,NA,NA,NA,NA,NA,NA,NA,NA,NA,NA
"75",8,"Kaihalulu Beach",2025-07-20,"limestone","Jul",NA,44.0677966101695,NA,94.9152542372881,NA,0.251730763487842,0,0.233909383505459,0.0178213799823826,NA,44.3195273736573,NA,94.9330756172705
"76",8,"Kaihalulu Beach",2025-07-20,"limestone","Jul","Turf/Cyanobacteria",NA,55.9322033898305,NA,NA,NA,NA,NA,NA,NA,NA,NA,NA
"77",7,"Kaihalulu Beach",2025-07-20,"limestone","Jul",NA,81.7518248175182,NA,99.2700729927007,NA,0.801468064714567,0,0.799085887819066,0.00238217689550133,NA,82.5532928822328,NA,99.2724551695962
"78",7,"Kaihalulu Beach",2025-07-20,"limestone","Jul","Turf/Cyanobacteria",NA,18.2481751824818,NA,NA,NA,NA,NA,NA,NA,NA,NA,NA
"79",6,"Kaihalulu Beach",2025-07-20,"limestone","Jul",NA,75.3246753246753,NA,100,NA,1.49425830978411,0,1.44104517518883,0.0532131345952833,NA,76.8189336344594,NA,100.053213134595
"80",6,"Kaihalulu Beach",2025-07-20,"limestone","Jul","Turf/Cyanobacteria",NA,24.6753246753247,NA,NA,NA,NA,NA,NA,NA,NA,NA,NA
"81",5,"Kaihalulu Beach",2025-07-20,"limestone","Jul",NA,37.037037037037,NA,94.4444444444444,NA,0.424025044541858,0,0.424025044541858,0,NA,37.4610620815789,NA,94.4444444444444
"82",5,"Kaihalulu Beach",2025-07-20,"limestone","Jul","Turf/Cyanobacteria",NA,62.962962962963,NA,NA,NA,NA,NA,NA,NA,NA,NA,NA
"83",4,"Kaihalulu Beach",2025-07-20,"limestone","Jul",NA,16.6666666666667,NA,81.7460317460317,NA,0.194119568200408,0.0133483507457146,0.164802075354896,0.0426658435912267,NA,16.8607862348671,NA,81.788697589623
"84",4,"Kaihalulu Beach",2025-07-20,"limestone","Jul","Turf/Cyanobacteria",NA,83.3333333333333,NA,NA,NA,NA,NA,NA,NA,NA,NA,NA
"85",3,"Kaihalulu Beach",2025-07-20,"limestone","Jul",NA,92.8571428571428,NA,94.047619047619,NA,0.607350012980418,0,0.530095111635172,0.0772549013452457,NA,93.4644928701233,NA,94.1248739489643
"86",3,"Kaihalulu Beach",2025-07-20,"limestone","Jul","Turf/Cyanobacteria",NA,7.14285714285714,NA,NA,NA,NA,NA,NA,NA,NA,NA,NA
"87",2,"Kaihalulu Beach",2025-07-20,"limestone","Jul",NA,22.9166666666667,NA,100,NA,0.259296654165348,0,0.190464279658494,0.0688323745068543,NA,23.175963320832,NA,100.068832374507
"88",2,"Kaihalulu Beach",2025-07-20,"limestone","Jul","Turf/Cyanobacteria",NA,77.0833333333333,NA,NA,NA,NA,NA,NA,NA,NA,NA,NA
"89",1,"Kaihalulu Beach",2025-07-20,"limestone","Jul",NA,100,NA,100,NA,1.35763479898182,0,1.35763479898182,0,NA,101.357634798982,NA,100
"90",1,"Kaihalulu Beach",2025-07-20,"limestone","Jul","Turf/Cyanobacteria",NA,0,NA,NA,NA,NA,NA,NA,NA,NA,NA,NA
"91",16,"Sandy Beach",NA,"basalt","Jul",NA,26.4705882352941,NA,100,NA,0.119401965305156,0.134268704559836,0.116552694900733,0.137117974964259,NA,26.5899902005993,NA,100.137117974964
"92",16,"Sandy Beach",NA,"basalt","Jul","Turf/Cyanobacteria",NA,73.5294117647059,NA,NA,NA,NA,NA,NA,NA,NA,NA,NA
"93",17,"Sandy Beach",NA,"basalt","Jul",NA,16.4102564102564,NA,100,NA,0.0107344242707673,0,0.0107344242707673,0,NA,16.4209908345272,NA,100
"94",17,"Sandy Beach",NA,"basalt","Jul","Turf/Cyanobacteria",NA,83.5897435897436,NA,NA,NA,NA,NA,NA,NA,NA,NA,NA
"95",18,"Sandy Beach",NA,"basalt","Jul",NA,72.6027397260274,NA,100,NA,0.170075348768862,0.285320997189651,0.0928779287490216,0.362518417209491,NA,72.7728150747963,NA,100.362518417209
"96",18,"Sandy Beach",NA,"basalt","Jul","Turf/Cyanobacteria",NA,27.3972602739726,NA,NA,NA,NA,NA,NA,NA,NA,NA,NA
"97",20,"Sandy Beach",NA,"basalt","Jul",NA,45.5882352941176,NA,98.5294117647059,NA,0.225417979843987,0.349016510323732,0.225417979843987,0.349016510323732,NA,45.8136532739616,NA,98.8784282750296
"98",20,"Sandy Beach",NA,"basalt","Jul","Turf/Cyanobacteria",NA,54.4117647058823,NA,NA,NA,NA,NA,NA,NA,NA,NA,NA
"99",19,"Sandy Beach",NA,"basalt","Jul",NA,19.7080291970803,NA,100,NA,0.626089480412134,0,0.594418743993738,0.0316707364183959,NA,20.3341186774924,NA,100.031670736418
"100",19,"Sandy Beach",NA,"basalt","Jul","Turf/Cyanobacteria",NA,80.2919708029197,NA,NA,NA,NA,NA,NA,NA,NA,NA,NA
"101",21,"Sandy Beach",NA,"basalt","Jul",NA,20,NA,100,NA,0.613888170474754,0,0.604661961546145,0.00922620892860833,NA,20.6138881704748,NA,100.009226208929
"102",21,"Sandy Beach",NA,"basalt","Jul","Turf/Cyanobacteria",NA,80,NA,NA,NA,NA,NA,NA,NA,NA,NA,NA
"103",22,"Sandy Beach",NA,"basalt","Jul",NA,21.105527638191,NA,100,NA,0.269852806117579,0.0185574632318472,0.244157251677689,0.0442530176717366,NA,21.3753804443085,NA,100.044253017672
"104",22,"Sandy Beach",NA,"basalt","Jul","Turf/Cyanobacteria",NA,78.8944723618091,NA,NA,NA,NA,NA,NA,NA,NA,NA,NA
"105",23,"Sandy Beach",NA,"basalt","Jul",NA,20.7317073170732,NA,100,NA,0.455036455140338,0.059984497334477,0.441168429478975,0.0738525229958396,NA,21.1867437722135,NA,100.073852522996
"106",23,"Sandy Beach",NA,"basalt","Jul","Turf/Cyanobacteria",NA,79.2682926829268,NA,NA,NA,NA,NA,NA,NA,NA,NA,NA
"107",25,"Sandy Beach",NA,"basalt","Jul",NA,27.7372262773723,NA,100,NA,0.117586345152458,0,0.0996303596411541,0.0179559855113039,NA,27.8548126225247,NA,100.017955985511
"108",25,"Sandy Beach",NA,"basalt","Jul","Turf/Cyanobacteria",NA,72.2627737226277,NA,NA,NA,NA,NA,NA,NA,NA,NA,NA
"109",24,"Sandy Beach",NA,"basalt","Jul",NA,41.1764705882353,NA,80,NA,NA,NA,NA,NA,NA,NA,NA,NA
"110",24,"Sandy Beach",NA,"basalt","Jul","Turf/Cyanobacteria",NA,58.8235294117647,NA,NA,NA,NA,NA,NA,NA,NA,NA,NA
"111",28,"Sandy Beach",NA,"basalt","Jul",NA,24.3243243243243,NA,86.4864864864865,NA,0.404961108283878,0,0.360658428215103,0.0443026800687748,NA,24.7292854326082,NA,86.5307891665553
"112",28,"Sandy Beach",NA,"basalt","Jul","Turf/Cyanobacteria",NA,75.6756756756757,NA,NA,NA,NA,NA,NA,NA,NA,NA,NA
"113",26,"Sandy Beach",NA,"basalt","Jul",NA,58.6666666666667,NA,100,NA,NA,NA,NA,NA,NA,NA,NA,NA
"114",26,"Sandy Beach",NA,"basalt","Jul","Turf/Cyanobacteria",NA,41.3333333333333,NA,NA,NA,NA,NA,NA,NA,NA,NA,NA
"115",29,"Sandy Beach",NA,"basalt","Jul",NA,55.2631578947368,NA,100,NA,NA,NA,NA,NA,NA,NA,NA,NA
"116",29,"Sandy Beach",NA,"basalt","Jul","Turf/Cyanobacteria",NA,44.7368421052632,NA,NA,NA,NA,NA,NA,NA,NA,NA,NA
"117",14,"Kaihalulu Beach",2025-07-26,"limestone","Aug",NA,10.4651162790698,NA,73.2558139534884,NA,2.44021411380957,0.0585273840389027,2.44021411380957,0.0585273840389027,NA,12.9053303928793,NA,73.3143413375273
"118",14,"Kaihalulu Beach",2025-07-26,"limestone","Aug","Turf/Cyanobacteria",NA,89.5348837209302,NA,NA,NA,NA,NA,NA,NA,NA,NA,NA
"119",13,"Kaihalulu Beach",2025-07-26,"limestone","Aug",NA,4.54545454545455,NA,97.7272727272727,NA,0.0332373933495893,0.10011263059286,0.0332373933495893,0.10011263059286,NA,4.57869193880413,NA,97.8273853578656
"120",13,"Kaihalulu Beach",2025-07-26,"limestone","Aug","Turf/Cyanobacteria",NA,95.4545454545455,NA,NA,NA,NA,NA,NA,NA,NA,NA,NA
"121",15,"Kaihalulu Beach",2025-07-26,"limestone","Aug",NA,5.26315789473684,NA,96.2406015037594,NA,0.14400404030544,0.0426648220096674,0.138571786450279,0.0480970758648293,NA,5.40716193504228,NA,96.2886985796242
"122",15,"Kaihalulu Beach",2025-07-26,"limestone","Aug","Turf/Cyanobacteria",NA,94.7368421052632,NA,NA,NA,NA,NA,NA,NA,NA,NA,NA
"123",11,"Kaihalulu Beach",2025-07-26,"limestone","Aug",NA,4,NA,66,NA,1.46225149606888,0.2570459434141,1.45832412334927,0.26097331613371,NA,5.46225149606888,NA,66.2609733161337
"124",11,"Kaihalulu Beach",2025-07-26,"limestone","Aug","Turf/Cyanobacteria",NA,96,NA,NA,NA,NA,NA,NA,NA,NA,NA,NA
"125",12,"Kaihalulu Beach",2025-07-26,"limestone","Aug",NA,3.03030303030303,NA,42.4242424242424,NA,0.322960176939312,0,0.298741378501715,0.0242187984375969,NA,3.35326320724234,NA,42.44846122268
"126",12,"Kaihalulu Beach",2025-07-26,"limestone","Aug","Turf/Cyanobacteria",NA,96.969696969697,NA,NA,NA,NA,NA,NA,NA,NA,NA,NA
"127",10,"Kaihalulu Beach",2025-07-26,"limestone","Aug",NA,6.66666666666667,NA,76,NA,3.97165437018178,0.221339925092577,3.97165437018178,0.221339925092577,NA,10.6383210368484,NA,76.2213399250926
"128",10,"Kaihalulu Beach",2025-07-26,"limestone","Aug","Turf/Cyanobacteria",NA,93.3333333333333,NA,NA,NA,NA,NA,NA,NA,NA,NA,NA
"129",9,"Kaihalulu Beach",2025-07-26,"limestone","Aug",NA,0.925925925925926,NA,43.5185185185185,NA,0.264685530377298,0.0979319594314312,0.186993543310156,0.175623946498574,NA,1.19061145630322,NA,43.6941424650171
"130",9,"Kaihalulu Beach",2025-07-26,"limestone","Aug","Turf/Cyanobacteria",NA,99.0740740740741,NA,NA,NA,NA,NA,NA,NA,NA,NA,NA
"131",8,"Kaihalulu Beach",2025-07-26,"limestone","Aug",NA,14.8148148148148,NA,80.5555555555556,NA,0.162817732183519,0,0.144996352201136,0.0178213799823826,NA,14.9776325469983,NA,80.5733769355379
"132",8,"Kaihalulu Beach",2025-07-26,"limestone","Aug","Turf/Cyanobacteria",NA,85.1851851851852,NA,NA,NA,NA,NA,NA,NA,NA,NA,NA
"133",7,"Kaihalulu Beach",2025-07-26,"limestone","Aug",NA,71.4285714285714,NA,99.2063492063492,NA,1.80351505598687,0.0997843924597685,1.79636852530037,0.106930923146273,NA,73.2320864845583,NA,99.3132801294955
"134",7,"Kaihalulu Beach",2025-07-26,"limestone","Aug","Turf/Cyanobacteria",NA,28.5714285714286,NA,NA,NA,NA,NA,NA,NA,NA,NA,NA
"135",4,"Kaihalulu Beach",2025-07-26,"limestone","Aug",NA,23.2142857142857,NA,96.4285714285714,NA,0.302730966889554,0,0.293808251675703,0.00892271521385148,NA,23.5170166811753,NA,96.4374941437853
"136",4,"Kaihalulu Beach",2025-07-26,"limestone","Aug","Turf/Cyanobacteria",NA,76.7857142857143,NA,NA,NA,NA,NA,NA,NA,NA,NA,NA
"137",5,"Kaihalulu Beach",2025-07-26,"limestone","Aug",NA,15.6862745098039,NA,96.078431372549,NA,0.852668271016105,0,0.849762015203593,0.00290625581251163,NA,16.53894278082,NA,96.0813376283615
"138",5,"Kaihalulu Beach",2025-07-26,"limestone","Aug","Turf/Cyanobacteria",NA,84.3137254901961,NA,NA,NA,NA,NA,NA,NA,NA,NA,NA
"139",6,"Kaihalulu Beach",2025-07-26,"limestone","Aug",NA,77.9411764705882,NA,98.5294117647059,NA,2.5408375360564,0,2.53469755898771,0.00613997706868653,NA,80.4820140066446,NA,98.5355517417746
"140",6,"Kaihalulu Beach",2025-07-26,"limestone","Aug","Turf/Cyanobacteria",NA,22.0588235294118,NA,NA,NA,NA,NA,NA,NA,NA,NA,NA
"141",3,"Kaihalulu Beach",2025-07-26,"limestone","Aug",NA,86.1111111111111,NA,94.4444444444444,NA,1.1430213161259,0,1.12830609682205,0.0147152193038563,NA,87.254132427237,NA,94.4591596637483
"142",3,"Kaihalulu Beach",2025-07-26,"limestone","Aug","Turf/Cyanobacteria",NA,13.8888888888889,NA,NA,NA,NA,NA,NA,NA,NA,NA,NA
"143",2,"Kaihalulu Beach",2025-07-26,"limestone","Aug",NA,12.5,NA,95,NA,0.474141176303216,0,0.443549009855725,0.0305921664474908,NA,12.9741411763032,NA,95.0305921664475
"144",2,"Kaihalulu Beach",2025-07-26,"limestone","Aug","Turf/Cyanobacteria",NA,87.5,NA,NA,NA,NA,NA,NA,NA,NA,NA,NA
"145",1,"Kaihalulu Beach",2025-07-26,"limestone","Aug",NA,91.6666666666667,NA,95.8333333333333,NA,6.876634943558,0,6.876634943558,0,NA,98.5433016102247,NA,95.8333333333333
"146",1,"Kaihalulu Beach",2025-07-26,"limestone","Aug","Turf/Cyanobacteria",NA,8.33333333333333,NA,NA,NA,NA,NA,NA,NA,NA,NA,NA
"147",17,"Sandy Beach",NA,"basalt","Aug",NA,10.1190476190476,NA,100,NA,0.117176863453614,0,0.0968396331629006,0.0203372302907134,NA,10.2362244825012,NA,100.020337230291
"148",17,"Sandy Beach",NA,"basalt","Aug","Turf/Cyanobacteria",NA,89.8809523809524,NA,NA,NA,NA,NA,NA,NA,NA,NA,NA
"149",16,"Sandy Beach",NA,"basalt","Aug",NA,4.91803278688525,NA,100,NA,0.0932421559205864,0.179024939413114,0.0932421559205864,0.179024939413114,NA,5.01127494280583,NA,100.179024939413
"150",16,"Sandy Beach",NA,"basalt","Aug","Turf/Cyanobacteria",NA,95.0819672131148,NA,NA,NA,NA,NA,NA,NA,NA,NA,NA
"151",18,"Sandy Beach",NA,"basalt","Aug",NA,6.15384615384615,NA,64.6153846153846,NA,0.139111149662729,0.427981495784476,0.13002910024863,0.437063545198575,NA,6.29295730350888,NA,65.0524481605832
"152",18,"Sandy Beach",NA,"basalt","Aug","Turf/Cyanobacteria",NA,93.8461538461539,NA,NA,NA,NA,NA,NA,NA,NA,NA,NA
"153",19,"Sandy Beach",NA,"basalt","Aug",NA,5.92592592592593,NA,100,NA,0.266171827363486,0,0.253130935897088,0.0130408914663983,NA,6.19209775328941,NA,100.013040891466
"154",19,"Sandy Beach",NA,"basalt","Aug","Turf/Cyanobacteria",NA,94.0740740740741,NA,NA,NA,NA,NA,NA,NA,NA,NA,NA
"155",20,"Sandy Beach",NA,"basalt","Aug",NA,32.7272727272727,NA,92.7272727272727,NA,0.0654405956690354,0.446741133214376,0.0654405956690354,0.446741133214376,NA,32.7927133229418,NA,93.1740138604871
"156",20,"Sandy Beach",NA,"basalt","Aug","Turf/Cyanobacteria",NA,67.2727272727273,NA,NA,NA,NA,NA,NA,NA,NA,NA,NA
"157",24,"Sandy Beach",NA,"basalt","Aug",NA,22.093023255814,NA,72.093023255814,NA,1.19894289545888,0.00988124665591864,1.15176341798305,0.0570607241317567,NA,23.2919661512728,NA,72.1500839799457
"158",24,"Sandy Beach",NA,"basalt","Aug","Turf/Cyanobacteria",NA,77.906976744186,NA,NA,NA,NA,NA,NA,NA,NA,NA,NA
"159",25,"Sandy Beach",NA,"basalt","Aug",NA,20.7692307692308,NA,100,NA,0.0971627032925941,0,0.0918977471105078,0.00526495618208628,NA,20.8663934725234,NA,100.005264956182
"160",25,"Sandy Beach",NA,"basalt","Aug","Turf/Cyanobacteria",NA,79.2307692307692,NA,NA,NA,NA,NA,NA,NA,NA,NA,NA
"161",28,"Sandy Beach",NA,"basalt","Aug",NA,46.969696969697,NA,80.3030303030303,NA,0.17049669342517,0,0.17049669342517,0,NA,47.1401936631221,NA,80.3030303030303
"162",28,"Sandy Beach",NA,"basalt","Aug","Turf/Cyanobacteria",NA,53.030303030303,NA,NA,NA,NA,NA,NA,NA,NA,NA,NA
"163",26,"Sandy Beach",NA,"basalt","Aug",NA,84.0579710144928,NA,100,NA,0.25238451644918,0,0.228450645052025,0.0239338713971546,NA,84.3103555309419,NA,100.023933871397
"164",26,"Sandy Beach",NA,"basalt","Aug","Turf/Cyanobacteria",NA,15.9420289855072,NA,NA,NA,NA,NA,NA,NA,NA,NA,NA
"165",29,"Sandy Beach",NA,"basalt","Aug",NA,22.0779220779221,NA,100,NA,0.228268853349504,0,0.220105213426719,0.00816363992278546,NA,22.3061909312716,NA,100.008163639923
"166",29,"Sandy Beach",NA,"basalt","Aug","Turf/Cyanobacteria",NA,77.9220779220779,NA,NA,NA,NA,NA,NA,NA,NA,NA,NA
"167",23,"Sandy Beach",NA,"basalt","Aug",NA,15.3526970954357,NA,99.5850622406639,NA,0.240621100753353,0.0252566304566219,0.228561948004342,0.0373157832056328,NA,15.593318196189,NA,99.6223780238695
"168",23,"Sandy Beach",NA,"basalt","Aug","Turf/Cyanobacteria",NA,84.6473029045643,NA,NA,NA,NA,NA,NA,NA,NA,NA,NA
"169",22,"Sandy Beach",NA,"basalt","Aug",NA,3.86740331491713,NA,100,NA,0.45654203015342,0.0649511213114652,0.398062492462637,0.123430659002248,NA,4.32394534507055,NA,100.123430659002
"170",22,"Sandy Beach",NA,"basalt","Aug","Turf/Cyanobacteria",NA,96.1325966850829,NA,NA,NA,NA,NA,NA,NA,NA,NA,NA
"171",32,"Sandy Beach",NA,"basalt","Aug",NA,24.2424242424242,NA,84.2424242424242,NA,0.126587213660999,0.327398639199438,0.116019010706412,0.337966842154025,NA,24.3690114560852,NA,84.5803910845783
"172",32,"Sandy Beach",NA,"basalt","Aug","Turf/Cyanobacteria",NA,75.7575757575758,NA,NA,NA,NA,NA,NA,NA,NA,NA,NA
"173",21,"Sandy Beach",NA,"basalt","Aug",NA,12.7659574468085,NA,100,NA,1.41920022885457,0,1.40074781099736,0.0184524178572167,NA,14.1851576756631,NA,100.018452417857
"174",21,"Sandy Beach",NA,"basalt","Aug","Turf/Cyanobacteria",NA,87.2340425531915,NA,NA,NA,NA,NA,NA,NA,NA,NA,NA
"175",31,"Sandy Beach",NA,"basalt","Aug",NA,96.2962962962963,NA,100,NA,6.96841666035736,0,6.96841666035736,0,NA,103.264712956654,NA,100
"176",31,"Sandy Beach",NA,"basalt","Aug","Turf/Cyanobacteria",NA,3.7037037037037,NA,NA,NA,NA,NA,NA,NA,NA,NA,NA
"177",17,"Sandy Beach",2025-11-05,"basalt","Nov",NA,3.97727272727273,NA,100,NA,0.0285800577031953,0,0.0285800577031953,0,NA,4.00585278497592,NA,100
"178",17,"Sandy Beach",2025-11-05,"basalt","Nov","Turf/Cyanobacteria",NA,96.0227272727273,NA,NA,NA,NA,NA,NA,NA,NA,NA,NA
"179",16,"Sandy Beach",2025-11-05,"basalt","Nov",NA,8.95522388059701,NA,100,NA,0.089587063421872,0.10443121465765,0.089587063421872,0.10443121465765,NA,9.04481094401889,NA,100.104431214658
"180",16,"Sandy Beach",2025-11-05,"basalt","Nov","Turf/Cyanobacteria",NA,91.044776119403,NA,NA,NA,NA,NA,NA,NA,NA,NA,NA
"181",18,"Sandy Beach",2025-11-05,"basalt","Nov",NA,5.88235294117647,NA,67.6470588235294,NA,0.374360743771107,0.0237767497658042,0.317597934932989,0.0805395586039219,NA,6.25671368494758,NA,67.7275983821333
"182",18,"Sandy Beach",2025-11-05,"basalt","Nov","Turf/Cyanobacteria",NA,94.1176470588235,NA,NA,NA,NA,NA,NA,NA,NA,NA,NA
"183",19,"Sandy Beach",2025-11-05,"basalt","Nov",NA,1.40845070422535,NA,98.5915492957747,NA,0.897368717785769,0.107300204071322,0.875012903843372,0.129656018013719,NA,2.30581942201112,NA,98.7212053137884
"184",19,"Sandy Beach",2025-11-05,"basalt","Nov","Turf/Cyanobacteria",NA,98.5915492957747,NA,NA,NA,NA,NA,NA,NA,NA,NA,NA
"185",20,"Sandy Beach",2025-11-05,"basalt","Nov",NA,16.9491525423729,NA,91.5254237288136,NA,0.202564272493247,0.642190378995666,0.135907029087017,0.708847622401896,NA,17.1517168148661,NA,92.2342713512155
"186",20,"Sandy Beach",2025-11-05,"basalt","Nov","Turf/Cyanobacteria",NA,83.0508474576271,NA,NA,NA,NA,NA,NA,NA,NA,NA,NA
"187",31,"Sandy Beach",2025-11-05,"basalt","Nov",NA,75.968992248062,NA,100,NA,0.234782601079652,0,0.234782601079652,0,NA,76.2037748491417,NA,100
"188",31,"Sandy Beach",2025-11-05,"basalt","Nov","Turf/Cyanobacteria",NA,24.031007751938,NA,NA,NA,NA,NA,NA,NA,NA,NA,NA
"189",21,"Sandy Beach",2025-11-05,"basalt","Nov",NA,3.40909090909091,NA,98.8636363636364,NA,0.322475046795332,0,0.310942285634571,0.0115327611607604,NA,3.73156595588624,NA,98.8751691247971
"190",21,"Sandy Beach",2025-11-05,"basalt","Nov","Turf/Cyanobacteria",NA,96.5909090909091,NA,NA,NA,NA,NA,NA,NA,NA,NA,NA
"191",22,"Sandy Beach",2025-11-05,"basalt","Nov",NA,0.543478260869565,NA,99.4565217391304,NA,0.51380862939889,0.0092787316159236,0.463303574120487,0.0597837868943268,NA,1.05728689026846,NA,99.5163055260248
"192",22,"Sandy Beach",2025-11-05,"basalt","Nov","Turf/Cyanobacteria",NA,99.4565217391304,NA,NA,NA,NA,NA,NA,NA,NA,NA,NA
"193",32,"Sandy Beach",2025-11-05,"basalt","Nov",NA,25.8620689655172,NA,86.7816091954023,NA,0.60481591106364,0.216728676653149,0.478878159188137,0.342666428528652,NA,26.4668848765809,NA,87.124275623931
"194",32,"Sandy Beach",2025-11-05,"basalt","Nov","Turf/Cyanobacteria",NA,74.1379310344828,NA,NA,NA,NA,NA,NA,NA,NA,NA,NA
"195",23,"Sandy Beach",2025-11-05,"basalt","Nov",NA,15.4440154440154,NA,94.2084942084942,NA,0.629805892581184,0.0820840489840212,0.580363366310239,0.131526575254966,NA,16.0738213365966,NA,94.3400207837492
"196",23,"Sandy Beach",2025-11-05,"basalt","Nov","Turf/Cyanobacteria",NA,84.5559845559846,NA,NA,NA,NA,NA,NA,NA,NA,NA,NA
"197",24,"Sandy Beach",2025-11-05,"basalt","Nov",NA,2.73972602739726,NA,42.4657534246575,NA,0.66740554926159,0.0765796615965797,0.620226071785752,0.123759139072418,NA,3.40713157665885,NA,42.5895125637299
"198",24,"Sandy Beach",2025-11-05,"basalt","Nov","Turf/Cyanobacteria",NA,97.2602739726027,NA,NA,NA,NA,NA,NA,NA,NA,NA,NA
"199",25,"Sandy Beach",2025-11-05,"basalt","Nov",NA,24.6031746031746,NA,100,NA,0.205196997672075,0,0.182031190470895,0.0231658072011796,NA,24.8083716008467,NA,100.023165807201
"200",25,"Sandy Beach",2025-11-05,"basalt","Nov","Turf/Cyanobacteria",NA,75.3968253968254,NA,NA,NA,NA,NA,NA,NA,NA,NA,NA
"201",28,"Sandy Beach",2025-11-05,"basalt","Nov",NA,4.41176470588235,NA,64.7058823529412,NA,0.0980121602468815,0,0.0838353026248735,0.0141768576220079,NA,4.50977686612923,NA,64.7200592105632
"202",28,"Sandy Beach",2025-11-05,"basalt","Nov","Turf/Cyanobacteria",NA,95.5882352941177,NA,NA,NA,NA,NA,NA,NA,NA,NA,NA
"203",29,"Sandy Beach",2025-11-05,"basalt","Nov",NA,16.6666666666667,NA,100,NA,0.290159292316478,0,0.286893836347364,0.00326545596911419,NA,16.9568259589831,NA,100.003265455969
"204",29,"Sandy Beach",2025-11-05,"basalt","Nov","Turf/Cyanobacteria",NA,83.3333333333333,NA,NA,NA,NA,NA,NA,NA,NA,NA,NA
"205",26,"Sandy Beach",2025-11-05,"basalt","Nov",NA,50,NA,100,NA,0.246636178827505,0,0.0979042637166157,0.148731915110889,NA,50.2466361788275,NA,100.148731915111
"206",26,"Sandy Beach",2025-11-05,"basalt","Nov","Turf/Cyanobacteria",NA,50,NA,NA,NA,NA,NA,NA,NA,NA,NA,NA
"207",1,"Kaihalulu Beach",2026-02-28,"limestone","Feb",NA,8.33333333333333,NA,62.5,NA,NA,NA,NA,NA,NA,NA,NA,NA
"208",1,"Kaihalulu Beach",2026-02-28,"limestone","Feb","Turf/Cyanobacteria",NA,91.6666666666667,NA,NA,NA,NA,NA,NA,NA,NA,NA,NA
"209",2,"Kaihalulu Beach",2026-02-28,"limestone","Feb",NA,4.54545454545455,NA,61.3636363636364,NA,NA,NA,NA,NA,NA,NA,NA,NA
"210",2,"Kaihalulu Beach",2026-02-28,"limestone","Feb","Turf/Cyanobacteria",NA,95.4545454545455,NA,NA,NA,NA,NA,NA,NA,NA,NA,NA
"211",3,"Kaihalulu Beach",2026-02-28,"limestone","Feb",NA,25.3333333333333,NA,53.3333333333333,NA,NA,NA,NA,NA,NA,NA,NA,NA
"212",3,"Kaihalulu Beach",2026-02-28,"limestone","Feb","Turf/Cyanobacteria",NA,74.6666666666667,NA,NA,NA,NA,NA,NA,NA,NA,NA,NA
"213",6,"Kaihalulu Beach",2026-02-28,"limestone","Feb",NA,19.3548387096774,NA,70.9677419354839,NA,NA,NA,NA,NA,NA,NA,NA,NA
"214",6,"Kaihalulu Beach",2026-02-28,"limestone","Feb","Turf/Cyanobacteria",NA,80.6451612903226,NA,NA,NA,NA,NA,NA,NA,NA,NA,NA
"215",4,"Kaihalulu Beach",2026-02-28,"limestone","Feb",NA,0,NA,39.5161290322581,NA,NA,NA,NA,NA,NA,NA,NA,NA
"216",4,"Kaihalulu Beach",2026-02-28,"limestone","Feb","Turf/Cyanobacteria",NA,100,NA,NA,NA,NA,NA,NA,NA,NA,NA,NA
"217",5,"Kaihalulu Beach",2026-02-28,"limestone","Feb",NA,1.63934426229508,NA,34.4262295081967,NA,NA,NA,NA,NA,NA,NA,NA,NA
"218",5,"Kaihalulu Beach",2026-02-28,"limestone","Feb","Turf/Cyanobacteria",NA,98.3606557377049,NA,NA,NA,NA,NA,NA,NA,NA,NA,NA
"219",7,"Kaihalulu Beach",2026-02-28,"limestone","Feb",NA,0,NA,59.2307692307692,NA,NA,NA,NA,NA,NA,NA,NA,NA
"220",7,"Kaihalulu Beach",2026-02-28,"limestone","Feb","Turf/Cyanobacteria",NA,100,NA,NA,NA,NA,NA,NA,NA,NA,NA,NA
"221",8,"Kaihalulu Beach",2026-02-28,"limestone","Feb",NA,0,NA,32.2033898305085,NA,NA,NA,NA,NA,NA,NA,NA,NA
"222",8,"Kaihalulu Beach",2026-02-28,"limestone","Feb","Turf/Cyanobacteria",NA,100,NA,NA,NA,NA,NA,NA,NA,NA,NA,NA
"223",13,"Kaihalulu Beach",2026-02-28,"limestone","Feb",NA,0,NA,55,NA,NA,NA,NA,NA,NA,NA,NA,NA
"224",13,"Kaihalulu Beach",2026-02-28,"limestone","Feb","Turf/Cyanobacteria",NA,100,NA,NA,NA,NA,NA,NA,NA,NA,NA,NA
"225",15,"Kaihalulu Beach",2026-02-28,"limestone","Feb",NA,0,NA,57.7235772357724,NA,NA,NA,NA,NA,NA,NA,NA,NA
"226",15,"Kaihalulu Beach",2026-02-28,"limestone","Feb","Turf/Cyanobacteria",NA,100,NA,NA,NA,NA,NA,NA,NA,NA,NA,NA
"227",12,"Kaihalulu Beach",2026-02-28,"limestone","Feb",NA,0,NA,12.5,NA,NA,NA,NA,NA,NA,NA,NA,NA
"228",12,"Kaihalulu Beach",2026-02-28,"limestone","Feb","Turf/Cyanobacteria",NA,100,NA,NA,NA,NA,NA,NA,NA,NA,NA,NA
"229",24,"Sandy Beach",2026-02-22,"basalt","Feb",NA,0,NA,64.7058823529412,NA,NA,NA,NA,NA,NA,NA,NA,NA
"230",24,"Sandy Beach",2026-02-22,"basalt","Feb","Turf/Cyanobacteria",NA,100,NA,NA,NA,NA,NA,NA,NA,NA,NA,NA
"231",28,"Sandy Beach",2026-02-22,"basalt","Feb",NA,7.14285714285714,NA,58.5714285714286,NA,NA,NA,NA,NA,NA,NA,NA,NA
"232",28,"Sandy Beach",2026-02-22,"basalt","Feb","Turf/Cyanobacteria",NA,92.8571428571428,NA,NA,NA,NA,NA,NA,NA,NA,NA,NA
"233",26,"Sandy Beach",2026-02-22,"basalt","Feb",NA,46.8354430379747,NA,93.6708860759494,NA,NA,NA,NA,NA,NA,NA,NA,NA
"234",26,"Sandy Beach",2026-02-22,"basalt","Feb","Turf/Cyanobacteria",NA,53.1645569620253,NA,NA,NA,NA,NA,NA,NA,NA,NA,NA
"235",29,"Sandy Beach",2026-02-22,"basalt","Feb",NA,12.6436781609195,NA,100,NA,NA,NA,NA,NA,NA,NA,NA,NA
"236",29,"Sandy Beach",2026-02-22,"basalt","Feb","Turf/Cyanobacteria",NA,87.3563218390805,NA,NA,NA,NA,NA,NA,NA,NA,NA,NA
"237",20,"Sandy Beach",2026-02-22,"basalt","Feb",NA,6.77966101694915,NA,91.5254237288135,NA,NA,NA,NA,NA,NA,NA,NA,NA
"238",20,"Sandy Beach",2026-02-22,"basalt","Feb","Turf/Cyanobacteria",NA,93.2203389830508,NA,NA,NA,NA,NA,NA,NA,NA,NA,NA
"239",16,"Sandy Beach",2026-02-22,"basalt","Feb",NA,0,NA,94.0298507462687,NA,NA,NA,NA,NA,NA,NA,NA,NA
"240",16,"Sandy Beach",2026-02-22,"basalt","Feb","Turf/Cyanobacteria",NA,100,NA,NA,NA,NA,NA,NA,NA,NA,NA,NA
"241",17,"Sandy Beach",2026-02-22,"basalt","Feb",NA,0.561797752808989,NA,100,NA,NA,NA,NA,NA,NA,NA,NA,NA
"242",17,"Sandy Beach",2026-02-22,"basalt","Feb","Turf/Cyanobacteria",NA,99.438202247191,NA,NA,NA,NA,NA,NA,NA,NA,NA,NA
"243",18,"Sandy Beach",2026-02-22,"basalt","Feb",NA,1.61290322580645,NA,67.741935483871,NA,NA,NA,NA,NA,NA,NA,NA,NA
"244",18,"Sandy Beach",2026-02-22,"basalt","Feb","Turf/Cyanobacteria",NA,98.3870967741935,NA,NA,NA,NA,NA,NA,NA,NA,NA,NA
"245",19,"Sandy Beach",2026-02-22,"basalt","Feb",NA,1.44927536231884,NA,98.5507246376812,NA,NA,NA,NA,NA,NA,NA,NA,NA
"246",19,"Sandy Beach",2026-02-22,"basalt","Feb","Turf/Cyanobacteria",NA,98.5507246376812,NA,NA,NA,NA,NA,NA,NA,NA,NA,NA
"247",31,"Sandy Beach",2026-02-22,"basalt","Feb",NA,1.50375939849624,NA,100,NA,NA,NA,NA,NA,NA,NA,NA,NA
"248",31,"Sandy Beach",2026-02-22,"basalt","Feb","Turf/Cyanobacteria",NA,98.4962406015038,NA,NA,NA,NA,NA,NA,NA,NA,NA,NA
"249",21,"Sandy Beach",2026-02-22,"basalt","Feb",NA,3.37078651685393,NA,100,NA,NA,NA,NA,NA,NA,NA,NA,NA
"250",21,"Sandy Beach",2026-02-22,"basalt","Feb","Turf/Cyanobacteria",NA,96.6292134831461,NA,NA,NA,NA,NA,NA,NA,NA,NA,NA
"251",22,"Sandy Beach",2026-02-22,"basalt","Feb",NA,0,NA,93.4782608695652,NA,NA,NA,NA,NA,NA,NA,NA,NA
"252",22,"Sandy Beach",2026-02-22,"basalt","Feb","Turf/Cyanobacteria",NA,100,NA,NA,NA,NA,NA,NA,NA,NA,NA,NA
"253",32,"Sandy Beach",2026-02-22,"basalt","Feb",NA,2.79329608938547,NA,77.6536312849162,NA,NA,NA,NA,NA,NA,NA,NA,NA
"254",32,"Sandy Beach",2026-02-22,"basalt","Feb","Turf/Cyanobacteria",NA,97.2067039106145,NA,NA,NA,NA,NA,NA,NA,NA,NA,NA
"255",25,"Sandy Beach",2026-02-22,"basalt","Feb",NA,9.02255639097744,NA,91.7293233082707,NA,NA,NA,NA,NA,NA,NA,NA,NA
"256",25,"Sandy Beach",2026-02-22,"basalt","Feb","Turf/Cyanobacteria",NA,90.9774436090226,NA,NA,NA,NA,NA,NA,NA,NA,NA,NA
"257",23,"Sandy Beach",2026-02-22,"basalt","Feb",NA,1.70940170940171,NA,82.4786324786325,NA,NA,NA,NA,NA,NA,NA,NA,NA
"258",23,"Sandy Beach",2026-02-22,"basalt","Feb","Turf/Cyanobacteria",NA,98.2905982905983,NA,NA,NA,NA,NA,NA,NA,NA,NA,NA
