pool_number,date_time,temperature
3,06/28/2026 09:05:00,26.810
3,06/28/2026 09:10:00,26.585
3,06/28/2026 09:15:00,26.542
3,06/28/2026 09:20:00,26.671
3,06/28/2026 09:25:00,26.660
3,06/28/2026 09:30:00,26.928
3,06/28/2026 09:35:00,27.132
3,06/28/2026 09:40:00,27.293
3,06/28/2026 09:45:00,27.185
3,06/28/2026 09:50:00,27.260
3,06/28/2026 09:55:00,27.239
3,06/28/2026 10:00:00,27.453
3,06/28/2026 10:05:00,27.593
3,06/28/2026 10:10:00,27.582
3,06/28/2026 10:15:00,27.840
3,06/28/2026 10:20:00,28.065
3,06/28/2026 10:25:00,28.301
3,06/28/2026 10:30:00,28.451
3,06/28/2026 10:35:00,28.633
3,06/28/2026 10:40:00,28.773
3,06/28/2026 10:45:00,28.858
3,06/28/2026 10:50:00,29.202
3,06/28/2026 10:55:00,29.416
3,06/28/2026 11:00:00,29.566
3,06/28/2026 11:05:00,29.834
3,06/28/2026 11:10:00,30.070
3,06/28/2026 11:15:00,30.274
3,06/28/2026 11:20:00,30.371
3,06/28/2026 11:25:00,30.650
3,06/28/2026 11:30:00,30.499
3,06/28/2026 11:35:00,30.296
3,06/28/2026 11:40:00,30.092
3,06/28/2026 11:45:00,30.124
3,06/28/2026 11:50:00,30.006
3,06/28/2026 11:55:00,29.416
3,06/28/2026 12:00:00,29.041
3,06/28/2026 12:05:00,28.719
3,06/28/2026 12:10:00,28.590
3,06/28/2026 12:15:00,28.537
3,06/28/2026 12:20:00,28.311
3,06/28/2026 12:25:00,28.462
3,06/28/2026 12:30:00,28.290
3,06/28/2026 12:35:00,28.236
3,06/28/2026 12:40:00,28.194
3,06/28/2026 12:45:00,28.226
3,06/28/2026 12:50:00,28.151
3,06/28/2026 12:55:00,28.108
3,06/28/2026 13:00:00,27.968
3,06/28/2026 13:05:00,27.722
3,06/28/2026 13:10:00,27.882
3,06/28/2026 13:15:00,27.958
3,06/28/2026 13:20:00,27.840
3,06/28/2026 13:25:00,27.915
3,06/28/2026 13:30:00,27.904
3,06/28/2026 13:35:00,27.765
3,06/28/2026 13:40:00,27.765
3,06/28/2026 13:45:00,27.829
3,06/28/2026 13:50:00,27.786
3,06/28/2026 13:55:00,27.818
3,06/28/2026 14:00:00,27.539
3,06/28/2026 14:05:00,27.829
3,06/28/2026 14:10:00,27.743
3,06/28/2026 14:15:00,27.722
3,06/28/2026 14:20:00,27.421
3,06/28/2026 14:25:00,27.496
3,06/28/2026 14:30:00,27.539
3,06/28/2026 14:35:00,27.668
3,06/28/2026 14:40:00,27.507
3,06/28/2026 14:45:00,27.271
3,06/28/2026 14:50:00,27.164
3,06/28/2026 14:55:00,27.239
3,06/28/2026 15:00:00,27.218
3,06/28/2026 15:05:00,27.378
3,06/28/2026 15:10:00,27.325
3,06/28/2026 15:15:00,27.207
3,06/28/2026 15:20:00,27.164
3,06/28/2026 15:25:00,27.303
3,06/28/2026 15:30:00,27.346
3,06/28/2026 15:35:00,27.368
3,06/28/2026 15:40:00,27.293
3,06/28/2026 15:45:00,27.100
3,06/28/2026 15:50:00,27.078
3,06/28/2026 15:55:00,27.067
3,06/28/2026 16:00:00,27.035
3,06/28/2026 16:05:00,27.250
3,06/28/2026 16:10:00,27.282
3,06/28/2026 16:15:00,27.389
3,06/28/2026 16:20:00,27.421
3,06/28/2026 16:25:00,27.368
3,06/28/2026 16:30:00,27.196
3,06/28/2026 16:35:00,27.046
3,06/28/2026 16:40:00,26.917
3,06/28/2026 16:45:00,26.917
3,06/28/2026 16:50:00,26.874
3,06/28/2026 16:55:00,26.949
3,06/28/2026 17:00:00,26.982
3,06/28/2026 17:05:00,26.874
3,06/28/2026 17:10:00,26.821
3,06/28/2026 17:15:00,26.789
3,06/28/2026 17:20:00,26.810
3,06/28/2026 17:25:00,26.799
3,06/28/2026 17:30:00,26.821
3,06/28/2026 17:35:00,26.799
3,06/28/2026 17:40:00,26.767
3,06/28/2026 17:45:00,26.692
3,06/28/2026 17:50:00,26.681
3,06/28/2026 17:55:00,26.638
3,06/28/2026 18:00:00,26.606
3,06/28/2026 18:05:00,26.585
3,06/28/2026 18:10:00,26.531
3,06/28/2026 18:15:00,26.488
3,06/28/2026 18:20:00,26.381
3,06/28/2026 18:25:00,26.349
3,06/28/2026 18:30:00,26.317
3,06/28/2026 18:35:00,26.231
3,06/28/2026 18:40:00,26.156
3,06/28/2026 18:45:00,26.070
3,06/28/2026 18:50:00,25.963
3,06/28/2026 18:55:00,25.888
3,06/28/2026 19:00:00,25.813
3,06/28/2026 19:05:00,25.770
3,06/28/2026 19:10:00,25.684
3,06/28/2026 19:15:00,25.619
3,06/28/2026 19:20:00,25.566
3,06/28/2026 19:25:00,25.512
3,06/28/2026 19:30:00,25.448
3,06/28/2026 19:35:00,25.384
3,06/28/2026 19:40:00,25.330
3,06/28/2026 19:45:00,25.276
3,06/28/2026 19:50:00,25.223
3,06/28/2026 19:55:00,25.148
3,06/28/2026 20:00:00,25.094
3,06/28/2026 20:05:00,25.040
3,06/28/2026 20:10:00,24.987
3,06/28/2026 20:15:00,24.933
3,06/28/2026 20:20:00,24.879
3,06/28/2026 20:25:00,24.837
3,06/28/2026 20:30:00,24.783
3,06/28/2026 20:35:00,24.708
3,06/28/2026 20:40:00,24.708
3,06/28/2026 20:45:00,24.665
3,06/28/2026 20:50:00,24.633
3,06/28/2026 20:55:00,24.590
3,06/28/2026 21:00:00,24.568
3,06/28/2026 21:05:00,24.515
3,06/28/2026 21:10:00,24.504
3,06/28/2026 21:15:00,24.450
3,06/28/2026 21:20:00,24.450
3,06/28/2026 21:25:00,24.440
3,06/28/2026 21:30:00,24.418
3,06/28/2026 21:35:00,24.397
3,06/28/2026 21:40:00,24.354
3,06/28/2026 21:45:00,24.343
3,06/28/2026 21:50:00,24.279
3,06/28/2026 21:55:00,24.268
3,06/28/2026 22:00:00,24.225
3,06/28/2026 22:05:00,24.214
3,06/28/2026 22:10:00,24.182
3,06/28/2026 22:15:00,24.129
3,06/28/2026 22:20:00,24.097
3,06/28/2026 22:25:00,24.075
3,06/28/2026 22:30:00,24.054
3,06/28/2026 22:35:00,24.032
3,06/28/2026 22:40:00,24.043
3,06/28/2026 22:45:00,24.054
3,06/28/2026 22:50:00,24.043
3,06/28/2026 22:55:00,24.011
3,06/28/2026 23:00:00,24.011
3,06/28/2026 23:05:00,24.000
3,06/28/2026 23:10:00,24.032
3,06/28/2026 23:15:00,24.011
3,06/28/2026 23:20:00,24.000
3,06/28/2026 23:25:00,24.011
3,06/28/2026 23:30:00,24.011
3,06/28/2026 23:35:00,24.043
3,06/28/2026 23:40:00,24.000
3,06/28/2026 23:45:00,24.011
3,06/28/2026 23:50:00,24.043
3,06/28/2026 23:55:00,24.011
3,06/29/2026 00:00:00,24.032
3,06/29/2026 00:05:00,24.021
3,06/29/2026 00:10:00,24.043
3,06/29/2026 00:15:00,24.032
3,06/29/2026 00:20:00,24.011
3,06/29/2026 00:25:00,24.043
3,06/29/2026 00:30:00,24.075
3,06/29/2026 00:35:00,24.075
3,06/29/2026 00:40:00,24.097
3,06/29/2026 00:45:00,24.086
3,06/29/2026 00:50:00,24.097
3,06/29/2026 00:55:00,24.118
3,06/29/2026 01:00:00,24.129
3,06/29/2026 01:05:00,24.150
3,06/29/2026 01:10:00,24.139
3,06/29/2026 01:15:00,24.161
3,06/29/2026 01:20:00,24.182
3,06/29/2026 01:25:00,24.193
3,06/29/2026 01:30:00,24.161
3,06/29/2026 01:35:00,24.193
3,06/29/2026 01:40:00,24.193
3,06/29/2026 01:45:00,24.214
3,06/29/2026 01:50:00,24.214
3,06/29/2026 01:55:00,24.214
3,06/29/2026 02:00:00,24.214
3,06/29/2026 02:05:00,24.236
3,06/29/2026 02:10:00,24.225
3,06/29/2026 02:15:00,24.247
3,06/29/2026 02:20:00,24.247
3,06/29/2026 02:25:00,24.268
3,06/29/2026 02:30:00,24.268
3,06/29/2026 02:35:00,24.257
3,06/29/2026 02:40:00,24.268
3,06/29/2026 02:45:00,24.268
3,06/29/2026 02:50:00,24.268
3,06/29/2026 02:55:00,24.279
3,06/29/2026 03:00:00,24.300
3,06/29/2026 03:05:00,24.279
3,06/29/2026 03:10:00,24.290
3,06/29/2026 03:15:00,24.279
3,06/29/2026 03:20:00,24.268
3,06/29/2026 03:25:00,24.268
3,06/29/2026 03:30:00,24.290
3,06/29/2026 03:35:00,24.268
3,06/29/2026 03:40:00,24.279
3,06/29/2026 03:45:00,24.290
3,06/29/2026 03:50:00,24.290
3,06/29/2026 03:55:00,24.290
3,06/29/2026 04:00:00,24.290
3,06/29/2026 04:05:00,24.290
3,06/29/2026 04:10:00,24.290
3,06/29/2026 04:15:00,24.290
3,06/29/2026 04:20:00,24.290
3,06/29/2026 04:25:00,24.290
3,06/29/2026 04:30:00,24.290
3,06/29/2026 04:35:00,24.300
3,06/29/2026 04:40:00,24.268
3,06/29/2026 04:45:00,24.268
3,06/29/2026 04:50:00,24.279
3,06/29/2026 04:55:00,24.290
3,06/29/2026 05:00:00,24.279
3,06/29/2026 05:05:00,24.279
3,06/29/2026 05:10:00,24.257
3,06/29/2026 05:15:00,24.290
3,06/29/2026 05:20:00,24.279
3,06/29/2026 05:25:00,24.279
3,06/29/2026 05:30:00,24.268
3,06/29/2026 05:35:00,24.279
3,06/29/2026 05:40:00,24.268
3,06/29/2026 05:45:00,24.290
3,06/29/2026 05:50:00,24.279
3,06/29/2026 05:55:00,24.279
3,06/29/2026 06:00:00,24.290
3,06/29/2026 06:05:00,24.290
3,06/29/2026 06:10:00,24.290
3,06/29/2026 06:15:00,24.311
3,06/29/2026 06:20:00,24.300
3,06/29/2026 06:25:00,24.311
3,06/29/2026 06:30:00,24.322
3,06/29/2026 06:35:00,24.375
3,06/29/2026 06:40:00,24.375
3,06/29/2026 06:45:00,24.386
3,06/29/2026 06:50:00,24.397
3,06/29/2026 06:55:00,24.408
3,06/29/2026 07:00:00,24.429
3,06/29/2026 07:05:00,24.461
3,06/29/2026 07:10:00,24.547
3,06/29/2026 07:15:00,24.568
3,06/29/2026 07:20:00,24.590
3,06/29/2026 07:25:00,24.633
3,06/29/2026 07:30:00,24.654
3,06/29/2026 07:35:00,24.719
3,06/29/2026 07:40:00,24.729
3,06/29/2026 07:45:00,24.719
3,06/29/2026 07:50:00,24.869
3,06/29/2026 07:55:00,25.019
3,06/29/2026 08:00:00,25.040
3,06/29/2026 08:05:00,25.062
3,06/29/2026 08:10:00,25.115
3,06/29/2026 08:15:00,25.330
3,06/29/2026 08:20:00,25.319
3,06/29/2026 08:25:00,25.448
3,06/29/2026 08:30:00,25.737
3,06/29/2026 08:35:00,26.006
3,06/29/2026 08:40:00,26.177
3,06/29/2026 08:45:00,26.370
3,06/29/2026 08:50:00,26.392
3,06/29/2026 08:55:00,26.574
3,06/29/2026 09:00:00,26.831
3,06/29/2026 09:05:00,27.089
3,06/29/2026 09:10:00,27.336
3,06/29/2026 09:15:00,27.496
3,06/29/2026 09:20:00,27.732
3,06/29/2026 09:25:00,28.000
3,06/29/2026 09:30:00,28.215
3,06/29/2026 09:35:00,28.515
3,06/29/2026 09:40:00,28.773
3,06/29/2026 09:45:00,29.019
3,06/29/2026 09:50:00,29.266
3,06/29/2026 09:55:00,29.459
3,06/29/2026 10:00:00,29.652
3,06/29/2026 10:05:00,29.985
3,06/29/2026 10:10:00,30.210
3,06/29/2026 10:15:00,30.306
3,06/29/2026 10:20:00,30.467
3,06/29/2026 10:25:00,30.457
3,06/29/2026 10:30:00,30.435
3,06/29/2026 10:35:00,30.982
3,06/29/2026 10:40:00,31.218
3,06/29/2026 10:45:00,31.540
3,06/29/2026 10:50:00,31.861
3,06/29/2026 10:55:00,32.130
3,06/29/2026 11:00:00,32.366
3,06/29/2026 11:05:00,32.355
3,06/29/2026 11:10:00,32.741
3,06/29/2026 11:15:00,33.052
3,06/29/2026 11:20:00,33.288
3,06/29/2026 11:25:00,33.535
3,06/29/2026 11:30:00,33.781
3,06/29/2026 11:35:00,33.942
3,06/29/2026 11:40:00,34.124
3,06/29/2026 11:45:00,34.200
3,06/29/2026 11:50:00,33.438
3,06/29/2026 11:55:00,32.998
3,06/29/2026 12:00:00,32.784
3,06/29/2026 12:05:00,32.591
3,06/29/2026 12:10:00,32.505
3,06/29/2026 12:15:00,32.012
3,06/29/2026 12:20:00,31.379
3,06/29/2026 12:25:00,30.650
3,06/29/2026 12:30:00,30.285
3,06/29/2026 12:35:00,29.792
3,06/29/2026 12:40:00,29.416
3,06/29/2026 12:45:00,29.202
3,06/29/2026 12:50:00,29.084
3,06/29/2026 12:55:00,28.912
3,06/29/2026 13:00:00,28.837
3,06/29/2026 13:05:00,28.698
3,06/29/2026 13:10:00,28.644
3,06/29/2026 13:15:00,28.676
3,06/29/2026 13:20:00,28.569
3,06/29/2026 13:25:00,28.590
3,06/29/2026 13:30:00,28.537
3,06/29/2026 13:35:00,28.483
3,06/29/2026 13:40:00,28.387
3,06/29/2026 13:45:00,28.311
3,06/29/2026 13:50:00,28.279
3,06/29/2026 13:55:00,28.344
3,06/29/2026 14:00:00,28.236
3,06/29/2026 14:05:00,28.000
3,06/29/2026 14:10:00,28.226
3,06/29/2026 14:15:00,28.269
3,06/29/2026 14:20:00,28.344
3,06/29/2026 14:25:00,28.226
3,06/29/2026 14:30:00,28.194
3,06/29/2026 14:35:00,28.022
3,06/29/2026 14:40:00,27.979
3,06/29/2026 14:45:00,28.054
3,06/29/2026 14:50:00,28.011
3,06/29/2026 14:55:00,28.054
3,06/29/2026 15:00:00,28.043
3,06/29/2026 15:05:00,28.054
3,06/29/2026 15:10:00,28.161
3,06/29/2026 15:15:00,27.915
3,06/29/2026 15:20:00,28.000
3,06/29/2026 15:25:00,27.882
3,06/29/2026 15:30:00,27.904
3,06/29/2026 15:35:00,27.882
3,06/29/2026 15:40:00,27.915
3,06/29/2026 15:45:00,27.936
3,06/29/2026 15:50:00,27.947
3,06/29/2026 15:55:00,27.893
3,06/29/2026 16:00:00,27.893
3,06/29/2026 16:05:00,27.861
3,06/29/2026 16:10:00,27.861
3,06/29/2026 16:15:00,27.872
3,06/29/2026 16:20:00,27.786
3,06/29/2026 16:25:00,27.775
3,06/29/2026 16:30:00,27.786
3,06/29/2026 16:35:00,27.765
3,06/29/2026 16:40:00,27.754
3,06/29/2026 16:45:00,27.754
3,06/29/2026 16:50:00,27.765
3,06/29/2026 16:55:00,27.754
3,06/29/2026 17:00:00,27.722
3,06/29/2026 17:05:00,27.840
3,06/29/2026 17:10:00,27.711
3,06/29/2026 17:15:00,27.679
3,06/29/2026 17:20:00,27.604
3,06/29/2026 17:25:00,27.539
3,06/29/2026 17:30:00,27.539
3,06/29/2026 17:35:00,27.432
3,06/29/2026 17:40:00,27.411
3,06/29/2026 17:45:00,27.368
3,06/29/2026 17:50:00,27.325
3,06/29/2026 17:55:00,27.293
3,06/29/2026 18:00:00,27.282
3,06/29/2026 18:05:00,27.228
3,06/29/2026 18:10:00,27.207
3,06/29/2026 18:15:00,27.175
3,06/29/2026 18:20:00,27.164
3,06/29/2026 18:25:00,27.121
3,06/29/2026 18:30:00,27.046
3,06/29/2026 18:35:00,26.949
3,06/29/2026 18:40:00,26.906
3,06/29/2026 18:45:00,26.864
3,06/29/2026 18:50:00,26.799
3,06/29/2026 18:55:00,26.724
3,06/29/2026 19:00:00,26.660
3,06/29/2026 19:05:00,26.553
3,06/29/2026 19:10:00,26.467
3,06/29/2026 19:15:00,26.402
3,06/29/2026 19:20:00,26.327
3,06/29/2026 19:25:00,26.263
3,06/29/2026 19:30:00,26.188
3,06/29/2026 19:35:00,26.124
3,06/29/2026 19:40:00,26.038
3,06/29/2026 19:45:00,25.973
3,06/29/2026 19:50:00,25.888
3,06/29/2026 19:55:00,25.845
3,06/29/2026 20:00:00,25.770
3,06/29/2026 20:05:00,25.695
3,06/29/2026 20:10:00,25.641
3,06/29/2026 20:15:00,25.587
3,06/29/2026 20:20:00,25.512
3,06/29/2026 20:25:00,25.459
3,06/29/2026 20:30:00,25.384
3,06/29/2026 20:35:00,25.362
3,06/29/2026 20:40:00,25.319
3,06/29/2026 20:45:00,25.266
3,06/29/2026 20:50:00,25.244
3,06/29/2026 20:55:00,25.180
3,06/29/2026 21:00:00,25.169
3,06/29/2026 21:05:00,25.126
3,06/29/2026 21:10:00,25.105
3,06/29/2026 21:15:00,25.094
3,06/29/2026 21:20:00,25.051
3,06/29/2026 21:25:00,25.030
3,06/29/2026 21:30:00,24.976
3,06/29/2026 21:35:00,24.976
3,06/29/2026 21:40:00,24.933
3,06/29/2026 21:45:00,24.912
3,06/29/2026 21:50:00,24.901
3,06/29/2026 21:55:00,24.847
3,06/29/2026 22:00:00,24.815
3,06/29/2026 22:05:00,24.783
3,06/29/2026 22:10:00,24.751
3,06/29/2026 22:15:00,24.751
3,06/29/2026 22:20:00,24.719
3,06/29/2026 22:25:00,24.676
3,06/29/2026 22:30:00,24.633
3,06/29/2026 22:35:00,24.590
3,06/29/2026 22:40:00,24.547
3,06/29/2026 22:45:00,24.515
3,06/29/2026 22:50:00,24.472
3,06/29/2026 22:55:00,24.450
3,06/29/2026 23:00:00,24.386
3,06/29/2026 23:05:00,24.354
3,06/29/2026 23:10:00,24.343
3,06/29/2026 23:15:00,24.290
3,06/29/2026 23:20:00,24.279
3,06/29/2026 23:25:00,24.236
3,06/29/2026 23:30:00,24.225
3,06/29/2026 23:35:00,24.214
3,06/29/2026 23:40:00,24.182
3,06/29/2026 23:45:00,24.182
3,06/29/2026 23:50:00,24.172
3,06/29/2026 23:55:00,24.129
3,06/30/2026 00:00:00,24.107
3,06/30/2026 00:05:00,24.129
3,06/30/2026 00:10:00,24.064
3,06/30/2026 00:15:00,24.064
3,06/30/2026 00:20:00,24.043
3,06/30/2026 00:25:00,24.043
3,06/30/2026 00:30:00,24.021
3,06/30/2026 00:35:00,24.000
3,06/30/2026 00:40:00,23.989
3,06/30/2026 00:45:00,23.989
3,06/30/2026 00:50:00,23.946
3,06/30/2026 00:55:00,23.946
3,06/30/2026 01:00:00,23.925
3,06/30/2026 01:05:00,23.946
3,06/30/2026 01:10:00,23.914
3,06/30/2026 01:15:00,23.914
3,06/30/2026 01:20:00,23.903
3,06/30/2026 01:25:00,23.914
3,06/30/2026 01:30:00,23.893
3,06/30/2026 01:35:00,23.903
3,06/30/2026 01:40:00,23.871
3,06/30/2026 01:45:00,23.871
3,06/30/2026 01:50:00,23.861
3,06/30/2026 01:55:00,23.882
3,06/30/2026 02:00:00,23.871
3,06/30/2026 02:05:00,23.871
3,06/30/2026 02:10:00,23.882
3,06/30/2026 02:15:00,23.871
3,06/30/2026 02:20:00,23.882
3,06/30/2026 02:25:00,23.882
3,06/30/2026 02:30:00,23.850
3,06/30/2026 02:35:00,23.871
3,06/30/2026 02:40:00,23.861
3,06/30/2026 02:45:00,23.850
3,06/30/2026 02:50:00,23.839
3,06/30/2026 02:55:00,23.850
3,06/30/2026 03:00:00,23.839
3,06/30/2026 03:05:00,23.839
3,06/30/2026 03:10:00,23.818
3,06/30/2026 03:15:00,23.818
3,06/30/2026 03:20:00,23.828
3,06/30/2026 03:25:00,23.818
3,06/30/2026 03:30:00,23.818
3,06/30/2026 03:35:00,23.796
3,06/30/2026 03:40:00,23.775
3,06/30/2026 03:45:00,23.785
3,06/30/2026 03:50:00,23.785
3,06/30/2026 03:55:00,23.764
3,06/30/2026 04:00:00,23.753
3,06/30/2026 04:05:00,23.753
3,06/30/2026 04:10:00,23.710
3,06/30/2026 04:15:00,23.710
3,06/30/2026 04:20:00,23.710
3,06/30/2026 04:25:00,23.721
3,06/30/2026 04:30:00,23.689
3,06/30/2026 04:35:00,23.689
3,06/30/2026 04:40:00,23.646
3,06/30/2026 04:45:00,23.646
3,06/30/2026 04:50:00,23.635
3,06/30/2026 04:55:00,23.635
3,06/30/2026 05:00:00,23.625
3,06/30/2026 05:05:00,23.614
3,06/30/2026 05:10:00,23.625
3,06/30/2026 05:15:00,23.603
3,06/30/2026 05:20:00,23.592
3,06/30/2026 05:25:00,23.603
3,06/30/2026 05:30:00,23.550
3,06/30/2026 05:35:00,23.571
3,06/30/2026 05:40:00,23.528
3,06/30/2026 05:45:00,23.528
3,06/30/2026 05:50:00,23.528
3,06/30/2026 05:55:00,23.496
3,06/30/2026 06:00:00,23.496
3,06/30/2026 06:05:00,23.485
3,06/30/2026 06:10:00,23.485
3,06/30/2026 06:15:00,23.485
3,06/30/2026 06:20:00,23.507
3,06/30/2026 06:25:00,23.485
3,06/30/2026 06:30:00,23.496
3,06/30/2026 06:35:00,23.474
3,06/30/2026 06:40:00,23.485
3,06/30/2026 06:45:00,23.496
3,06/30/2026 06:50:00,23.507
3,06/30/2026 06:55:00,23.485
3,06/30/2026 07:00:00,23.560
3,06/30/2026 07:05:00,23.560
3,06/30/2026 07:10:00,23.603
3,06/30/2026 07:15:00,23.646
3,06/30/2026 07:20:00,23.678
3,06/30/2026 07:25:00,23.753
3,06/30/2026 07:30:00,23.807
3,06/30/2026 07:35:00,23.946
3,06/30/2026 07:40:00,24.054
3,06/30/2026 07:45:00,24.193
3,06/30/2026 07:50:00,24.311
3,06/30/2026 07:55:00,24.472
3,06/30/2026 08:00:00,24.633
5,06/28/2026 9:05:00,27.614
5,06/28/2026 9:10:00,27.689
5,06/28/2026 9:15:00,27.829
5,06/28/2026 9:20:00,27.99
5,06/28/2026 9:25:00,27.936
5,06/28/2026 9:30:00,28.279
5,06/28/2026 9:35:00,28.494
5,06/28/2026 9:40:00,28.687
5,06/28/2026 9:45:00,28.451
5,06/28/2026 9:50:00,28.494
5,06/28/2026 9:55:00,28.365
5,06/28/2026 10:00:00,28.547
5,06/28/2026 10:05:00,28.687
5,06/28/2026 10:10:00,28.665
5,06/28/2026 10:15:00,28.998
5,06/28/2026 10:20:00,29.287
5,06/28/2026 10:25:00,29.234
5,06/28/2026 10:30:00,28.998
5,06/28/2026 10:35:00,28.955
5,06/28/2026 10:40:00,28.869
5,06/28/2026 10:45:00,28.44
5,06/28/2026 10:50:00,28.483
5,06/28/2026 10:55:00,28.365
5,06/28/2026 11:00:00,28.269
5,06/28/2026 11:05:00,28.311
5,06/28/2026 11:10:00,28.269
5,06/28/2026 11:15:00,28.226
5,06/28/2026 11:20:00,28.043
5,06/28/2026 11:25:00,28.269
5,06/28/2026 11:30:00,27.775
5,06/28/2026 11:35:00,27.529
5,06/28/2026 11:40:00,27.689
5,06/28/2026 11:45:00,27.775
5,06/28/2026 11:50:00,27.668
5,06/28/2026 11:55:00,27.4
5,06/28/2026 12:00:00,27.389
5,06/28/2026 12:05:00,27.453
5,06/28/2026 12:10:00,27.604
5,06/28/2026 12:15:00,27.668
5,06/28/2026 12:20:00,27.496
5,06/28/2026 12:25:00,27.625
5,06/28/2026 12:30:00,27.475
5,06/28/2026 12:35:00,27.571
5,06/28/2026 12:40:00,27.464
5,06/28/2026 12:45:00,27.561
5,06/28/2026 12:50:00,27.475
5,06/28/2026 12:55:00,27.507
5,06/28/2026 13:00:00,27.411
5,06/28/2026 13:05:00,27.228
5,06/28/2026 13:10:00,27.293
5,06/28/2026 13:15:00,27.368
5,06/28/2026 13:20:00,27.336
5,06/28/2026 13:25:00,27.282
5,06/28/2026 13:30:00,27.421
5,06/28/2026 13:35:00,27.314
5,06/28/2026 13:40:00,27.303
5,06/28/2026 13:45:00,27.325
5,06/28/2026 13:50:00,27.378
5,06/28/2026 13:55:00,27.357
5,06/28/2026 14:00:00,27.185
5,06/28/2026 14:05:00,27.357
5,06/28/2026 14:10:00,27.368
5,06/28/2026 14:15:00,27.368
5,06/28/2026 14:20:00,27.142
5,06/28/2026 14:25:00,27.153
5,06/28/2026 14:30:00,27.282
5,06/28/2026 14:35:00,27.314
5,06/28/2026 14:40:00,27.175
5,06/28/2026 14:45:00,27.057
5,06/28/2026 14:50:00,26.917
5,06/28/2026 14:55:00,27.003
5,06/28/2026 15:00:00,27.024
5,06/28/2026 15:05:00,27.142
5,06/28/2026 15:10:00,27.057
5,06/28/2026 15:15:00,26.992
5,06/28/2026 15:20:00,26.96
5,06/28/2026 15:25:00,27.046
5,06/28/2026 15:30:00,27.1
5,06/28/2026 15:35:00,27.089
5,06/28/2026 15:40:00,27.046
5,06/28/2026 15:45:00,26.864
5,06/28/2026 15:50:00,26.896
5,06/28/2026 15:55:00,26.864
5,06/28/2026 16:00:00,26.864
5,06/28/2026 16:05:00,27.035
5,06/28/2026 16:10:00,27.046
5,06/28/2026 16:15:00,27.067
5,06/28/2026 16:20:00,27.078
5,06/28/2026 16:25:00,27.067
5,06/28/2026 16:30:00,26.971
5,06/28/2026 16:35:00,26.831
5,06/28/2026 16:40:00,26.724
5,06/28/2026 16:45:00,26.756
5,06/28/2026 16:50:00,26.713
5,06/28/2026 16:55:00,26.767
5,06/28/2026 17:00:00,26.767
5,06/28/2026 17:05:00,26.692
5,06/28/2026 17:10:00,26.692
5,06/28/2026 17:15:00,26.649
5,06/28/2026 17:20:00,26.703
5,06/28/2026 17:25:00,26.756
5,06/28/2026 17:30:00,26.692
5,06/28/2026 17:35:00,26.703
5,06/28/2026 17:40:00,26.671
5,06/28/2026 17:45:00,26.585
5,06/28/2026 17:50:00,26.574
5,06/28/2026 17:55:00,26.638
5,06/28/2026 18:00:00,26.671
5,06/28/2026 18:05:00,26.638
5,06/28/2026 18:10:00,26.606
5,06/28/2026 18:15:00,26.574
5,06/28/2026 18:20:00,26.51
5,06/28/2026 18:25:00,26.467
5,06/28/2026 18:30:00,26.456
5,06/28/2026 18:35:00,26.413
5,06/28/2026 18:40:00,26.327
5,06/28/2026 18:45:00,26.263
5,06/28/2026 18:50:00,26.242
5,06/28/2026 18:55:00,26.177
5,06/28/2026 19:00:00,26.145
5,06/28/2026 19:05:00,26.166
5,06/28/2026 19:10:00,26.091
5,06/28/2026 19:15:00,26.059
5,06/28/2026 19:20:00,26.006
5,06/28/2026 19:25:00,25.941
5,06/28/2026 19:30:00,25.877
5,06/28/2026 19:35:00,25.77
5,06/28/2026 19:40:00,25.63
5,06/28/2026 19:45:00,25.566
5,06/28/2026 19:50:00,25.512
5,06/28/2026 19:55:00,25.426
5,06/28/2026 20:00:00,25.33
5,06/28/2026 20:05:00,25.276
5,06/28/2026 20:10:00,25.298
5,06/28/2026 20:15:00,25.405
5,06/28/2026 20:20:00,25.448
5,06/28/2026 20:25:00,25.373
5,06/28/2026 20:30:00,25.405
5,06/28/2026 20:35:00,25.341
5,06/28/2026 20:40:00,25.266
5,06/28/2026 20:45:00,25.18
5,06/28/2026 20:50:00,25.083
5,06/28/2026 20:55:00,25.03
5,06/28/2026 21:00:00,24.965
5,06/28/2026 21:05:00,24.912
5,06/28/2026 21:10:00,24.815
5,06/28/2026 21:15:00,24.815
5,06/28/2026 21:20:00,24.74
5,06/28/2026 21:25:00,24.987
5,06/28/2026 21:30:00,25.04
5,06/28/2026 21:35:00,25.019
5,06/28/2026 21:40:00,24.944
5,06/28/2026 21:45:00,24.869
5,06/28/2026 21:50:00,24.751
5,06/28/2026 21:55:00,24.869
5,06/28/2026 22:00:00,24.858
5,06/28/2026 22:05:00,24.794
5,06/28/2026 22:10:00,24.729
5,06/28/2026 22:15:00,25.083
5,06/28/2026 22:20:00,25.148
5,06/28/2026 22:25:00,25.148
5,06/28/2026 22:30:00,25.115
5,06/28/2026 22:35:00,25.148
5,06/28/2026 22:40:00,25.362
5,06/28/2026 22:45:00,25.319
5,06/28/2026 22:50:00,25.266
5,06/28/2026 22:55:00,25.298
5,06/28/2026 23:00:00,25.266
5,06/28/2026 23:05:00,25.212
5,06/28/2026 23:10:00,25.158
5,06/28/2026 23:15:00,25.115
5,06/28/2026 23:20:00,25.18
5,06/28/2026 23:25:00,25.223
5,06/28/2026 23:30:00,25.126
5,06/28/2026 23:35:00,25.051
5,06/28/2026 23:40:00,25.019
5,06/28/2026 23:45:00,24.965
5,06/28/2026 23:50:00,25.083
5,06/28/2026 23:55:00,25.094
5,06/29/2026 0:00:00,25.105
5,06/29/2026 0:05:00,25.094
5,06/29/2026 0:10:00,25.18
5,06/29/2026 0:15:00,25.212
5,06/29/2026 0:20:00,25.266
5,06/29/2026 0:25:00,25.276
5,06/29/2026 0:30:00,25.233
5,06/29/2026 0:35:00,25.201
5,06/29/2026 0:40:00,25.19
5,06/29/2026 0:45:00,25.169
5,06/29/2026 0:50:00,25.148
5,06/29/2026 0:55:00,25.19
5,06/29/2026 1:00:00,25.18
5,06/29/2026 1:05:00,25.115
5,06/29/2026 1:10:00,25.169
5,06/29/2026 1:15:00,25.083
5,06/29/2026 1:20:00,25.008
5,06/29/2026 1:25:00,24.869
5,06/29/2026 1:30:00,24.826
5,06/29/2026 1:35:00,24.772
5,06/29/2026 1:40:00,24.719
5,06/29/2026 1:45:00,24.697
5,06/29/2026 1:50:00,24.654
5,06/29/2026 1:55:00,24.568
5,06/29/2026 2:00:00,24.493
5,06/29/2026 2:05:00,24.429
5,06/29/2026 2:10:00,24.365
5,06/29/2026 2:15:00,24.311
5,06/29/2026 2:20:00,24.257
5,06/29/2026 2:25:00,24.225
5,06/29/2026 2:30:00,24.161
5,06/29/2026 2:35:00,24.139
5,06/29/2026 2:40:00,24.097
5,06/29/2026 2:45:00,24.043
5,06/29/2026 2:50:00,24.032
5,06/29/2026 2:55:00,24
5,06/29/2026 3:00:00,24
5,06/29/2026 3:05:00,23.979
5,06/29/2026 3:10:00,23.957
5,06/29/2026 3:15:00,23.946
5,06/29/2026 3:20:00,23.936
5,06/29/2026 3:25:00,23.914
5,06/29/2026 3:30:00,23.893
5,06/29/2026 3:35:00,23.861
5,06/29/2026 3:40:00,23.85
5,06/29/2026 3:45:00,23.807
5,06/29/2026 3:50:00,23.785
5,06/29/2026 3:55:00,23.775
5,06/29/2026 4:00:00,23.743
5,06/29/2026 4:05:00,23.721
5,06/29/2026 4:10:00,23.678
5,06/29/2026 4:15:00,23.668
5,06/29/2026 4:20:00,23.678
5,06/29/2026 4:25:00,23.678
5,06/29/2026 4:30:00,23.668
5,06/29/2026 4:35:00,23.7
5,06/29/2026 4:40:00,23.668
5,06/29/2026 4:45:00,23.668
5,06/29/2026 4:50:00,23.71
5,06/29/2026 4:55:00,23.71
5,06/29/2026 5:00:00,23.743
5,06/29/2026 5:05:00,23.764
5,06/29/2026 5:10:00,23.775
5,06/29/2026 5:15:00,23.807
5,06/29/2026 5:20:00,23.807
5,06/29/2026 5:25:00,23.818
5,06/29/2026 5:30:00,23.85
5,06/29/2026 5:35:00,23.861
5,06/29/2026 5:40:00,23.871
5,06/29/2026 5:45:00,23.871
5,06/29/2026 5:50:00,23.893
5,06/29/2026 5:55:00,23.871
5,06/29/2026 6:00:00,23.882
5,06/29/2026 6:05:00,23.903
5,06/29/2026 6:10:00,23.893
5,06/29/2026 6:15:00,23.936
5,06/29/2026 6:20:00,23.936
5,06/29/2026 6:25:00,23.925
5,06/29/2026 6:30:00,23.957
5,06/29/2026 6:35:00,24.021
5,06/29/2026 6:40:00,24.075
5,06/29/2026 6:45:00,24.086
5,06/29/2026 6:50:00,24.107
5,06/29/2026 6:55:00,24.129
5,06/29/2026 7:00:00,24.161
5,06/29/2026 7:05:00,24.225
5,06/29/2026 7:10:00,24.322
5,06/29/2026 7:15:00,24.375
5,06/29/2026 7:20:00,24.418
5,06/29/2026 7:25:00,24.504
5,06/29/2026 7:30:00,24.547
5,06/29/2026 7:35:00,24.665
5,06/29/2026 7:40:00,24.697
5,06/29/2026 7:45:00,24.719
5,06/29/2026 7:50:00,24.901
5,06/29/2026 7:55:00,25.137
5,06/29/2026 8:00:00,25.212
5,06/29/2026 8:05:00,25.255
5,06/29/2026 8:10:00,25.298
5,06/29/2026 8:15:00,25.63
5,06/29/2026 8:20:00,25.598
5,06/29/2026 8:25:00,25.748
5,06/29/2026 8:30:00,26.166
5,06/29/2026 8:35:00,26.617
5,06/29/2026 8:40:00,26.917
5,06/29/2026 8:45:00,27.228
5,06/29/2026 8:50:00,27.271
5,06/29/2026 8:55:00,27.561
5,06/29/2026 9:00:00,28.054
5,06/29/2026 9:05:00,28.397
5,06/29/2026 9:10:00,28.762
5,06/29/2026 9:15:00,29.084
5,06/29/2026 9:20:00,29.427
5,06/29/2026 9:25:00,29.792
5,06/29/2026 9:30:00,30.135
5,06/29/2026 9:35:00,30.521
5,06/29/2026 9:40:00,30.821
5,06/29/2026 9:45:00,31.229
5,06/29/2026 9:50:00,31.604
5,06/29/2026 9:55:00,31.926
5,06/29/2026 10:00:00,32.226
5,06/29/2026 10:05:00,32.666
5,06/29/2026 10:10:00,32.902
5,06/29/2026 10:15:00,32.923
5,06/29/2026 10:20:00,33.041
5,06/29/2026 10:25:00,32.966
5,06/29/2026 10:30:00,32.891
5,06/29/2026 10:35:00,33.749
5,06/29/2026 10:40:00,33.889
5,06/29/2026 10:45:00,34.21
5,06/29/2026 10:50:00,34.543
5,06/29/2026 10:55:00,34.65
5,06/29/2026 11:00:00,32.677
5,06/29/2026 11:05:00,32.151
5,06/29/2026 11:10:00,31.829
5,06/29/2026 11:15:00,31.508
5,06/29/2026 11:20:00,30.682
5,06/29/2026 11:25:00,30.049
5,06/29/2026 11:30:00,29.62
5,06/29/2026 11:35:00,29.245
5,06/29/2026 11:40:00,28.998
5,06/29/2026 11:45:00,28.794
5,06/29/2026 11:50:00,28.665
5,06/29/2026 11:55:00,28.633
5,06/29/2026 12:00:00,28.569
5,06/29/2026 12:05:00,28.333
5,06/29/2026 12:10:00,28.344
5,06/29/2026 12:15:00,28.215
5,06/29/2026 12:20:00,28.247
5,06/29/2026 12:25:00,28.204
5,06/29/2026 12:30:00,28.14
5,06/29/2026 12:35:00,28.033
5,06/29/2026 12:40:00,27.99
5,06/29/2026 12:45:00,27.979
5,06/29/2026 12:50:00,27.968
5,06/29/2026 12:55:00,27.882
5,06/29/2026 13:00:00,27.893
5,06/29/2026 13:05:00,27.925
5,06/29/2026 13:10:00,27.872
5,06/29/2026 13:15:00,27.85
5,06/29/2026 13:20:00,27.829
5,06/29/2026 13:25:00,27.861
5,06/29/2026 13:30:00,27.829
5,06/29/2026 13:35:00,27.807
5,06/29/2026 13:40:00,27.797
5,06/29/2026 13:45:00,27.829
5,06/29/2026 13:50:00,27.732
5,06/29/2026 13:55:00,27.775
5,06/29/2026 14:00:00,27.775
5,06/29/2026 14:05:00,27.582
5,06/29/2026 14:10:00,27.711
5,06/29/2026 14:15:00,27.754
5,06/29/2026 14:20:00,27.807
5,06/29/2026 14:25:00,27.807
5,06/29/2026 14:30:00,27.775
5,06/29/2026 14:35:00,27.689
5,06/29/2026 14:40:00,27.636
5,06/29/2026 14:45:00,27.668
5,06/29/2026 14:50:00,27.657
5,06/29/2026 14:55:00,27.689
5,06/29/2026 15:00:00,27.722
5,06/29/2026 15:05:00,27.754
5,06/29/2026 15:10:00,27.775
5,06/29/2026 15:15:00,27.636
5,06/29/2026 15:20:00,27.689
5,06/29/2026 15:25:00,27.604
5,06/29/2026 15:30:00,27.636
5,06/29/2026 15:35:00,27.647
5,06/29/2026 15:40:00,27.668
5,06/29/2026 15:45:00,27.657
5,06/29/2026 15:50:00,27.668
5,06/29/2026 15:55:00,27.625
5,06/29/2026 16:00:00,27.604
5,06/29/2026 16:05:00,27.593
5,06/29/2026 16:10:00,27.561
5,06/29/2026 16:15:00,27.561
5,06/29/2026 16:20:00,27.507
5,06/29/2026 16:25:00,27.529
5,06/29/2026 16:30:00,27.539
5,06/29/2026 16:35:00,27.539
5,06/29/2026 16:40:00,27.539
5,06/29/2026 16:45:00,27.539
5,06/29/2026 16:50:00,27.529
5,06/29/2026 16:55:00,27.507
5,06/29/2026 17:00:00,27.486
5,06/29/2026 17:05:00,27.55
5,06/29/2026 17:10:00,27.496
5,06/29/2026 17:15:00,27.475
5,06/29/2026 17:20:00,27.464
5,06/29/2026 17:25:00,27.464
5,06/29/2026 17:30:00,27.443
5,06/29/2026 17:35:00,27.357
5,06/29/2026 17:40:00,27.336
5,06/29/2026 17:45:00,27.293
5,06/29/2026 17:50:00,27.303
5,06/29/2026 17:55:00,27.25
5,06/29/2026 18:00:00,27.271
5,06/29/2026 18:05:00,27.207
5,06/29/2026 18:10:00,27.196
5,06/29/2026 18:15:00,27.164
5,06/29/2026 18:20:00,27.153
5,06/29/2026 18:25:00,27.121
5,06/29/2026 18:30:00,27.078
5,06/29/2026 18:35:00,27.024
5,06/29/2026 18:40:00,26.992
5,06/29/2026 18:45:00,26.971
5,06/29/2026 18:50:00,26.949
5,06/29/2026 18:55:00,26.906
5,06/29/2026 19:00:00,26.831
5,06/29/2026 19:05:00,26.767
5,06/29/2026 19:10:00,26.692
5,06/29/2026 19:15:00,26.606
5,06/29/2026 19:20:00,26.574
5,06/29/2026 19:25:00,26.531
5,06/29/2026 19:30:00,26.413
5,06/29/2026 19:35:00,26.349
5,06/29/2026 19:40:00,26.284
5,06/29/2026 19:45:00,26.231
5,06/29/2026 19:50:00,26.209
5,06/29/2026 19:55:00,26.145
5,06/29/2026 20:00:00,26.027
5,06/29/2026 20:05:00,25.866
5,06/29/2026 20:10:00,25.823
5,06/29/2026 20:15:00,25.705
5,06/29/2026 20:20:00,25.577
5,06/29/2026 20:25:00,25.48
5,06/29/2026 20:30:00,25.437
5,06/29/2026 20:35:00,25.351
5,06/29/2026 20:40:00,25.298
5,06/29/2026 20:45:00,25.212
5,06/29/2026 20:50:00,25.33
5,06/29/2026 20:55:00,25.287
5,06/29/2026 21:00:00,25.233
5,06/29/2026 21:05:00,25.19
5,06/29/2026 21:10:00,25.105
5,06/29/2026 21:15:00,25.04
5,06/29/2026 21:20:00,24.976
5,06/29/2026 21:25:00,24.901
5,06/29/2026 21:30:00,24.858
5,06/29/2026 21:35:00,24.847
5,06/29/2026 21:40:00,24.794
5,06/29/2026 21:45:00,24.74
5,06/29/2026 21:50:00,24.665
5,06/29/2026 21:55:00,24.644
5,06/29/2026 22:00:00,24.611
5,06/29/2026 22:05:00,24.536
5,06/29/2026 22:10:00,24.483
5,06/29/2026 22:15:00,24.44
5,06/29/2026 22:20:00,24.397
5,06/29/2026 22:25:00,24.343
5,06/29/2026 22:30:00,24.3
5,06/29/2026 22:35:00,24.268
5,06/29/2026 22:40:00,24.204
5,06/29/2026 22:45:00,24.172
5,06/29/2026 22:50:00,24.129
5,06/29/2026 22:55:00,24.086
5,06/29/2026 23:00:00,24.064
5,06/29/2026 23:05:00,24.032
5,06/29/2026 23:10:00,24.032
5,06/29/2026 23:15:00,24.064
5,06/29/2026 23:20:00,24.075
5,06/29/2026 23:25:00,24.129
5,06/29/2026 23:30:00,24.118
5,06/29/2026 23:35:00,24.547
5,06/29/2026 23:40:00,24.568
5,06/29/2026 23:45:00,24.568
5,06/29/2026 23:50:00,24.526
5,06/29/2026 23:55:00,24.472
5,06/30/2026 0:00:00,24.526
5,06/30/2026 0:05:00,24.472
5,06/30/2026 0:10:00,24.408
5,06/30/2026 0:15:00,24.408
5,06/30/2026 0:20:00,24.322
5,06/30/2026 0:25:00,24.29
5,06/30/2026 0:30:00,24.257
5,06/30/2026 0:35:00,24.268
5,06/30/2026 0:40:00,24.204
5,06/30/2026 0:45:00,24.15
5,06/30/2026 0:50:00,24.107
5,06/30/2026 0:55:00,24.097
5,06/30/2026 1:00:00,24.097
5,06/30/2026 1:05:00,24.322
5,06/30/2026 1:10:00,24.472
5,06/30/2026 1:15:00,24.504
5,06/30/2026 1:20:00,24.461
5,06/30/2026 1:25:00,24.408
5,06/30/2026 1:30:00,24.386
5,06/30/2026 1:35:00,24.375
5,06/30/2026 1:40:00,24.44
5,06/30/2026 1:45:00,24.429
5,06/30/2026 1:50:00,24.44
5,06/30/2026 1:55:00,24.397
5,06/30/2026 2:00:00,24.365
5,06/30/2026 2:05:00,24.375
5,06/30/2026 2:10:00,24.375
5,06/30/2026 2:15:00,24.343
5,06/30/2026 2:20:00,24.29
5,06/30/2026 2:25:00,24.257
5,06/30/2026 2:30:00,24.225
5,06/30/2026 2:35:00,24.172
5,06/30/2026 2:40:00,24.139
5,06/30/2026 2:45:00,24.086
5,06/30/2026 2:50:00,24.064
5,06/30/2026 2:55:00,24.032
5,06/30/2026 3:00:00,23.989
5,06/30/2026 3:05:00,23.979
5,06/30/2026 3:10:00,23.946
5,06/30/2026 3:15:00,23.946
5,06/30/2026 3:20:00,23.936
5,06/30/2026 3:25:00,23.914
5,06/30/2026 3:30:00,23.903
5,06/30/2026 3:35:00,23.882
5,06/30/2026 3:40:00,23.828
5,06/30/2026 3:45:00,23.818
5,06/30/2026 3:50:00,23.807
5,06/30/2026 3:55:00,23.785
5,06/30/2026 4:00:00,23.764
5,06/30/2026 4:05:00,23.764
5,06/30/2026 4:10:00,23.721
5,06/30/2026 4:15:00,23.721
5,06/30/2026 4:20:00,23.71
5,06/30/2026 4:25:00,23.668
5,06/30/2026 4:30:00,23.657
5,06/30/2026 4:35:00,23.625
5,06/30/2026 4:40:00,23.592
5,06/30/2026 4:45:00,23.56
5,06/30/2026 4:50:00,23.55
5,06/30/2026 4:55:00,23.56
5,06/30/2026 5:00:00,23.517
5,06/30/2026 5:05:00,23.507
5,06/30/2026 5:10:00,23.517
5,06/30/2026 5:15:00,23.496
5,06/30/2026 5:20:00,23.507
5,06/30/2026 5:25:00,23.496
5,06/30/2026 5:30:00,23.474
5,06/30/2026 5:35:00,23.474
5,06/30/2026 5:40:00,23.432
5,06/30/2026 5:45:00,23.41
5,06/30/2026 5:50:00,23.399
5,06/30/2026 5:55:00,23.378
5,06/30/2026 6:00:00,23.335
5,06/30/2026 6:05:00,23.335
5,06/30/2026 6:10:00,23.346
5,06/30/2026 6:15:00,23.356
5,06/30/2026 6:20:00,23.324
5,06/30/2026 6:25:00,23.303
5,06/30/2026 6:30:00,23.324
5,06/30/2026 6:35:00,23.346
5,06/30/2026 6:40:00,23.314
5,06/30/2026 6:45:00,23.335
5,06/30/2026 6:50:00,23.378
5,06/30/2026 6:55:00,23.421
5,06/30/2026 7:00:00,23.571
5,06/30/2026 7:05:00,23.689
5,06/30/2026 7:10:00,23.764
5,06/30/2026 7:15:00,23.936
5,06/30/2026 7:20:00,24.021
5,06/30/2026 7:25:00,24.161
5,06/30/2026 7:30:00,24.204
5,06/30/2026 7:35:00,24.461
5,06/30/2026 7:40:00,24.611
5,06/30/2026 7:45:00,24.804
5,06/30/2026 7:50:00,24.965
5,06/30/2026 7:55:00,25.158
5,06/30/2026 8:00:00,25.341
14,06/28/2026 9:05:00,27.314
14,06/28/2026 9:10:00,26.703
14,06/28/2026 9:15:00,26.488
14,06/28/2026 9:20:00,26.402
14,06/28/2026 9:25:00,26.37
14,06/28/2026 9:30:00,26.392
14,06/28/2026 9:35:00,26.467
14,06/28/2026 9:40:00,26.585
14,06/28/2026 9:45:00,26.756
14,06/28/2026 9:50:00,26.917
14,06/28/2026 9:55:00,27.035
14,06/28/2026 10:00:00,26.896
14,06/28/2026 10:05:00,26.831
14,06/28/2026 10:10:00,26.756
14,06/28/2026 10:15:00,26.81
14,06/28/2026 10:20:00,26.831
14,06/28/2026 10:25:00,26.81
14,06/28/2026 10:30:00,26.853
14,06/28/2026 10:35:00,26.874
14,06/28/2026 10:40:00,26.896
14,06/28/2026 10:45:00,26.864
14,06/28/2026 10:50:00,26.949
14,06/28/2026 10:55:00,26.949
14,06/28/2026 11:00:00,26.982
14,06/28/2026 11:05:00,27.067
14,06/28/2026 11:10:00,27.057
14,06/28/2026 11:15:00,27.067
14,06/28/2026 11:20:00,27.057
14,06/28/2026 11:25:00,27.121
14,06/28/2026 11:30:00,27.11
14,06/28/2026 11:35:00,27.078
14,06/28/2026 11:40:00,27.11
14,06/28/2026 11:45:00,27.121
14,06/28/2026 11:50:00,27.121
14,06/28/2026 11:55:00,27.089
14,06/28/2026 12:00:00,27.067
14,06/28/2026 12:05:00,27.121
14,06/28/2026 12:10:00,27.26
14,06/28/2026 12:15:00,27.26
14,06/28/2026 12:20:00,27.303
14,06/28/2026 12:25:00,27.421
14,06/28/2026 12:30:00,27.368
14,06/28/2026 12:35:00,27.4
14,06/28/2026 12:40:00,27.389
14,06/28/2026 12:45:00,27.475
14,06/28/2026 12:50:00,27.453
14,06/28/2026 12:55:00,27.486
14,06/28/2026 13:00:00,27.411
14,06/28/2026 13:05:00,27.282
14,06/28/2026 13:10:00,27.325
14,06/28/2026 13:15:00,27.4
14,06/28/2026 13:20:00,27.453
14,06/28/2026 13:25:00,27.453
14,06/28/2026 13:30:00,27.507
14,06/28/2026 13:35:00,27.443
14,06/28/2026 13:40:00,27.486
14,06/28/2026 13:45:00,27.464
14,06/28/2026 13:50:00,27.518
14,06/28/2026 13:55:00,27.529
14,06/28/2026 14:00:00,27.389
14,06/28/2026 14:05:00,27.582
14,06/28/2026 14:10:00,27.55
14,06/28/2026 14:15:00,27.518
14,06/28/2026 14:20:00,27.282
14,06/28/2026 14:25:00,27.357
14,06/28/2026 14:30:00,27.421
14,06/28/2026 14:35:00,27.411
14,06/28/2026 14:40:00,27.325
14,06/28/2026 14:45:00,27.293
14,06/28/2026 14:50:00,27.239
14,06/28/2026 14:55:00,27.207
14,06/28/2026 15:00:00,27.153
14,06/28/2026 15:05:00,27.185
14,06/28/2026 15:10:00,27.164
14,06/28/2026 15:15:00,27.057
14,06/28/2026 15:20:00,26.992
14,06/28/2026 15:25:00,27.185
14,06/28/2026 15:30:00,27.303
14,06/28/2026 15:35:00,27.142
14,06/28/2026 15:40:00,27.057
14,06/28/2026 15:45:00,26.982
14,06/28/2026 15:50:00,27.024
14,06/28/2026 15:55:00,27.003
14,06/28/2026 16:00:00,26.971
14,06/28/2026 16:05:00,26.992
14,06/28/2026 16:10:00,27.003
14,06/28/2026 16:15:00,27.014
14,06/28/2026 16:20:00,27.035
14,06/28/2026 16:25:00,27.035
14,06/28/2026 16:30:00,26.992
14,06/28/2026 16:35:00,26.917
14,06/28/2026 16:40:00,26.874
14,06/28/2026 16:45:00,26.853
14,06/28/2026 16:50:00,26.778
14,06/28/2026 16:55:00,26.821
14,06/28/2026 17:00:00,26.81
14,06/28/2026 17:05:00,26.778
14,06/28/2026 17:10:00,26.756
14,06/28/2026 17:15:00,26.724
14,06/28/2026 17:20:00,26.735
14,06/28/2026 17:25:00,26.735
14,06/28/2026 17:30:00,26.713
14,06/28/2026 17:35:00,26.692
14,06/28/2026 17:40:00,26.692
14,06/28/2026 17:45:00,26.649
14,06/28/2026 17:50:00,26.617
14,06/28/2026 17:55:00,26.585
14,06/28/2026 18:00:00,26.585
14,06/28/2026 18:05:00,26.617
14,06/28/2026 18:10:00,26.574
14,06/28/2026 18:15:00,26.553
14,06/28/2026 18:20:00,26.52
14,06/28/2026 18:25:00,26.488
14,06/28/2026 18:30:00,26.51
14,06/28/2026 18:35:00,26.456
14,06/28/2026 18:40:00,26.392
14,06/28/2026 18:45:00,26.37
14,06/28/2026 18:50:00,26.36
14,06/28/2026 18:55:00,26.317
14,06/28/2026 19:00:00,26.306
14,06/28/2026 19:05:00,26.274
14,06/28/2026 19:10:00,26.177
14,06/28/2026 19:15:00,26.188
14,06/28/2026 19:20:00,26.199
14,06/28/2026 19:25:00,26.177
14,06/28/2026 19:30:00,26.145
14,06/28/2026 19:35:00,26.102
14,06/28/2026 19:40:00,26.038
14,06/28/2026 19:45:00,26.006
14,06/28/2026 19:50:00,25.984
14,06/28/2026 19:55:00,26.006
14,06/28/2026 20:00:00,25.973
14,06/28/2026 20:05:00,25.963
14,06/28/2026 20:10:00,25.973
14,06/28/2026 20:15:00,25.952
14,06/28/2026 20:20:00,25.92
14,06/28/2026 20:25:00,25.855
14,06/28/2026 20:30:00,25.855
14,06/28/2026 20:35:00,25.834
14,06/28/2026 20:40:00,25.813
14,06/28/2026 20:45:00,25.791
14,06/28/2026 20:50:00,25.78
14,06/28/2026 20:55:00,25.759
14,06/28/2026 21:00:00,25.791
14,06/28/2026 21:05:00,25.823
14,06/28/2026 21:10:00,25.834
14,06/28/2026 21:15:00,25.823
14,06/28/2026 21:20:00,25.834
14,06/28/2026 21:25:00,25.78
14,06/28/2026 21:30:00,25.77
14,06/28/2026 21:35:00,25.737
14,06/28/2026 21:40:00,25.716
14,06/28/2026 21:45:00,25.716
14,06/28/2026 21:50:00,25.716
14,06/28/2026 21:55:00,25.695
14,06/28/2026 22:00:00,25.662
14,06/28/2026 22:05:00,25.684
14,06/28/2026 22:10:00,25.673
14,06/28/2026 22:15:00,25.684
14,06/28/2026 22:20:00,25.684
14,06/28/2026 22:25:00,25.737
14,06/28/2026 22:30:00,25.716
14,06/28/2026 22:35:00,25.695
14,06/28/2026 22:40:00,25.673
14,06/28/2026 22:45:00,25.684
14,06/28/2026 22:50:00,25.673
14,06/28/2026 22:55:00,25.673
14,06/28/2026 23:00:00,25.673
14,06/28/2026 23:05:00,25.662
14,06/28/2026 23:10:00,25.63
14,06/28/2026 23:15:00,25.673
14,06/28/2026 23:20:00,25.716
14,06/28/2026 23:25:00,25.684
14,06/28/2026 23:30:00,25.652
14,06/28/2026 23:35:00,25.641
14,06/28/2026 23:40:00,25.63
14,06/28/2026 23:45:00,25.652
14,06/28/2026 23:50:00,25.705
14,06/28/2026 23:55:00,25.673
14,06/29/2026 0:00:00,25.705
14,06/29/2026 0:05:00,25.727
14,06/29/2026 0:10:00,25.77
14,06/29/2026 0:15:00,25.802
14,06/29/2026 0:20:00,25.705
14,06/29/2026 0:25:00,25.716
14,06/29/2026 0:30:00,25.705
14,06/29/2026 0:35:00,25.716
14,06/29/2026 0:40:00,25.695
14,06/29/2026 0:45:00,25.705
14,06/29/2026 0:50:00,25.695
14,06/29/2026 0:55:00,25.705
14,06/29/2026 1:00:00,25.662
14,06/29/2026 1:05:00,25.662
14,06/29/2026 1:10:00,25.652
14,06/29/2026 1:15:00,25.619
14,06/29/2026 1:20:00,25.609
14,06/29/2026 1:25:00,25.598
14,06/29/2026 1:30:00,25.609
14,06/29/2026 1:35:00,25.587
14,06/29/2026 1:40:00,25.544
14,06/29/2026 1:45:00,25.523
14,06/29/2026 1:50:00,25.491
14,06/29/2026 1:55:00,25.426
14,06/29/2026 2:00:00,25.384
14,06/29/2026 2:05:00,25.373
14,06/29/2026 2:10:00,25.362
14,06/29/2026 2:15:00,25.319
14,06/29/2026 2:20:00,25.276
14,06/29/2026 2:25:00,25.255
14,06/29/2026 2:30:00,25.212
14,06/29/2026 2:35:00,25.233
14,06/29/2026 2:40:00,25.201
14,06/29/2026 2:45:00,25.19
14,06/29/2026 2:50:00,25.169
14,06/29/2026 2:55:00,25.18
14,06/29/2026 3:00:00,25.137
14,06/29/2026 3:05:00,25.073
14,06/29/2026 3:10:00,24.997
14,06/29/2026 3:15:00,24.976
14,06/29/2026 3:20:00,25.019
14,06/29/2026 3:25:00,25.008
14,06/29/2026 3:30:00,24.965
14,06/29/2026 3:35:00,24.901
14,06/29/2026 3:40:00,24.837
14,06/29/2026 3:45:00,24.761
14,06/29/2026 3:50:00,24.697
14,06/29/2026 3:55:00,24.654
14,06/29/2026 4:00:00,24.59
14,06/29/2026 4:05:00,24.536
14,06/29/2026 4:10:00,24.504
14,06/29/2026 4:15:00,24.483
14,06/29/2026 4:20:00,24.44
14,06/29/2026 4:25:00,24.44
14,06/29/2026 4:30:00,24.408
14,06/29/2026 4:35:00,24.375
14,06/29/2026 4:40:00,24.354
14,06/29/2026 4:45:00,24.332
14,06/29/2026 4:50:00,24.322
14,06/29/2026 4:55:00,24.332
14,06/29/2026 5:00:00,24.354
14,06/29/2026 5:05:00,24.418
14,06/29/2026 5:10:00,24.45
14,06/29/2026 5:15:00,24.483
14,06/29/2026 5:20:00,24.504
14,06/29/2026 5:25:00,24.515
14,06/29/2026 5:30:00,24.526
14,06/29/2026 5:35:00,24.536
14,06/29/2026 5:40:00,24.547
14,06/29/2026 5:45:00,24.547
14,06/29/2026 5:50:00,24.568
14,06/29/2026 5:55:00,24.579
14,06/29/2026 6:00:00,24.611
14,06/29/2026 6:05:00,24.611
14,06/29/2026 6:10:00,24.611
14,06/29/2026 6:15:00,24.633
14,06/29/2026 6:20:00,24.654
14,06/29/2026 6:25:00,24.665
14,06/29/2026 6:30:00,24.686
14,06/29/2026 6:35:00,24.697
14,06/29/2026 6:40:00,24.751
14,06/29/2026 6:45:00,24.783
14,06/29/2026 6:50:00,24.772
14,06/29/2026 6:55:00,24.794
14,06/29/2026 7:00:00,24.837
14,06/29/2026 7:05:00,24.869
14,06/29/2026 7:10:00,24.933
14,06/29/2026 7:15:00,24.922
14,06/29/2026 7:20:00,24.955
14,06/29/2026 7:25:00,24.997
14,06/29/2026 7:30:00,25.03
14,06/29/2026 7:35:00,25.083
14,06/29/2026 7:40:00,25.094
14,06/29/2026 7:45:00,25.083
14,06/29/2026 7:50:00,25.201
14,06/29/2026 7:55:00,25.276
14,06/29/2026 8:00:00,25.308
14,06/29/2026 8:05:00,25.308
14,06/29/2026 8:10:00,25.319
14,06/29/2026 8:15:00,25.426
14,06/29/2026 8:20:00,25.448
14,06/29/2026 8:25:00,25.555
14,06/29/2026 8:30:00,25.716
14,06/29/2026 8:35:00,25.898
14,06/29/2026 8:40:00,25.995
14,06/29/2026 8:45:00,26.124
14,06/29/2026 8:50:00,26.124
14,06/29/2026 8:55:00,26.263
14,06/29/2026 9:00:00,26.467
14,06/29/2026 9:05:00,26.585
14,06/29/2026 9:10:00,26.66
14,06/29/2026 9:15:00,26.746
14,06/29/2026 9:20:00,26.853
14,06/29/2026 9:25:00,26.992
14,06/29/2026 9:30:00,27.132
14,06/29/2026 9:35:00,27.282
14,06/29/2026 9:40:00,27.475
14,06/29/2026 9:45:00,27.614
14,06/29/2026 9:50:00,27.743
14,06/29/2026 9:55:00,27.786
14,06/29/2026 10:00:00,27.915
14,06/29/2026 10:05:00,28.076
14,06/29/2026 10:10:00,28.14
14,06/29/2026 10:15:00,27.99
14,06/29/2026 10:20:00,27.99
14,06/29/2026 10:25:00,27.979
14,06/29/2026 10:30:00,27.668
14,06/29/2026 10:35:00,27.604
14,06/29/2026 10:40:00,27.625
14,06/29/2026 10:45:00,27.529
14,06/29/2026 10:50:00,27.464
14,06/29/2026 10:55:00,27.443
14,06/29/2026 11:00:00,27.807
14,06/29/2026 11:05:00,27.679
14,06/29/2026 11:10:00,27.711
14,06/29/2026 11:15:00,27.807
14,06/29/2026 11:20:00,27.765
14,06/29/2026 11:25:00,27.797
14,06/29/2026 11:30:00,27.647
14,06/29/2026 11:35:00,27.432
14,06/29/2026 11:40:00,27.464
14,06/29/2026 11:45:00,27.636
14,06/29/2026 11:50:00,27.507
14,06/29/2026 11:55:00,27.582
14,06/29/2026 12:00:00,27.625
14,06/29/2026 12:05:00,27.614
14,06/29/2026 12:10:00,27.539
14,06/29/2026 12:15:00,27.4
14,06/29/2026 12:20:00,27.336
14,06/29/2026 12:25:00,27.421
14,06/29/2026 12:30:00,27.529
14,06/29/2026 12:35:00,27.614
14,06/29/2026 12:40:00,27.518
14,06/29/2026 12:45:00,27.593
14,06/29/2026 12:50:00,27.614
14,06/29/2026 12:55:00,27.625
14,06/29/2026 13:00:00,27.7
14,06/29/2026 13:05:00,27.818
14,06/29/2026 13:10:00,27.807
14,06/29/2026 13:15:00,27.582
14,06/29/2026 13:20:00,27.593
14,06/29/2026 13:25:00,27.722
14,06/29/2026 13:30:00,27.657
14,06/29/2026 13:35:00,27.668
14,06/29/2026 13:40:00,27.55
14,06/29/2026 13:45:00,27.829
14,06/29/2026 13:50:00,27.743
14,06/29/2026 13:55:00,27.765
14,06/29/2026 14:00:00,27.818
14,06/29/2026 14:05:00,27.625
14,06/29/2026 14:10:00,27.647
14,06/29/2026 14:15:00,27.636
14,06/29/2026 14:20:00,27.657
14,06/29/2026 14:25:00,27.614
14,06/29/2026 14:30:00,27.582
14,06/29/2026 14:35:00,27.647
14,06/29/2026 14:40:00,27.668
14,06/29/2026 14:45:00,27.743
14,06/29/2026 14:50:00,27.711
14,06/29/2026 14:55:00,27.722
14,06/29/2026 15:00:00,27.668
14,06/29/2026 15:05:00,27.657
14,06/29/2026 15:10:00,27.689
14,06/29/2026 15:15:00,27.625
14,06/29/2026 15:20:00,27.55
14,06/29/2026 15:25:00,27.529
14,06/29/2026 15:30:00,27.486
14,06/29/2026 15:35:00,27.518
14,06/29/2026 15:40:00,27.507
14,06/29/2026 15:45:00,27.529
14,06/29/2026 15:50:00,27.55
14,06/29/2026 15:55:00,27.55
14,06/29/2026 16:00:00,27.55
14,06/29/2026 16:05:00,27.539
14,06/29/2026 16:10:00,27.529
14,06/29/2026 16:15:00,27.539
14,06/29/2026 16:20:00,27.657
14,06/29/2026 16:25:00,27.636
14,06/29/2026 16:30:00,27.507
14,06/29/2026 16:35:00,27.453
14,06/29/2026 16:40:00,27.432
14,06/29/2026 16:45:00,27.421
14,06/29/2026 16:50:00,27.421
14,06/29/2026 16:55:00,27.453
14,06/29/2026 17:00:00,27.421
14,06/29/2026 17:05:00,27.475
14,06/29/2026 17:10:00,27.486
14,06/29/2026 17:15:00,27.421
14,06/29/2026 17:20:00,27.411
14,06/29/2026 17:25:00,27.421
14,06/29/2026 17:30:00,27.4
14,06/29/2026 17:35:00,27.368
14,06/29/2026 17:40:00,27.336
14,06/29/2026 17:45:00,27.303
14,06/29/2026 17:50:00,27.271
14,06/29/2026 17:55:00,27.25
14,06/29/2026 18:00:00,27.239
14,06/29/2026 18:05:00,27.218
14,06/29/2026 18:10:00,27.175
14,06/29/2026 18:15:00,27.164
14,06/29/2026 18:20:00,27.153
14,06/29/2026 18:25:00,27.121
14,06/29/2026 18:30:00,27.089
14,06/29/2026 18:35:00,27.078
14,06/29/2026 18:40:00,27.024
14,06/29/2026 18:45:00,27.003
14,06/29/2026 18:50:00,26.939
14,06/29/2026 18:55:00,26.928
14,06/29/2026 19:00:00,26.906
14,06/29/2026 19:05:00,26.864
14,06/29/2026 19:10:00,26.81
14,06/29/2026 19:15:00,26.778
14,06/29/2026 19:20:00,26.735
14,06/29/2026 19:25:00,26.681
14,06/29/2026 19:30:00,26.671
14,06/29/2026 19:35:00,26.66
14,06/29/2026 19:40:00,26.606
14,06/29/2026 19:45:00,26.553
14,06/29/2026 19:50:00,26.499
14,06/29/2026 19:55:00,26.445
14,06/29/2026 20:00:00,26.435
14,06/29/2026 20:05:00,26.381
14,06/29/2026 20:10:00,26.327
14,06/29/2026 20:15:00,26.306
14,06/29/2026 20:20:00,26.295
14,06/29/2026 20:25:00,26.231
14,06/29/2026 20:30:00,26.231
14,06/29/2026 20:35:00,26.177
14,06/29/2026 20:40:00,26.156
14,06/29/2026 20:45:00,26.134
14,06/29/2026 20:50:00,26.113
14,06/29/2026 20:55:00,26.07
14,06/29/2026 21:00:00,26.081
14,06/29/2026 21:05:00,26.059
14,06/29/2026 21:10:00,26.038
14,06/29/2026 21:15:00,26.038
14,06/29/2026 21:20:00,25.973
14,06/29/2026 21:25:00,25.909
14,06/29/2026 21:30:00,25.898
14,06/29/2026 21:35:00,25.909
14,06/29/2026 21:40:00,25.909
14,06/29/2026 21:45:00,25.888
14,06/29/2026 21:50:00,25.834
14,06/29/2026 21:55:00,25.855
14,06/29/2026 22:00:00,25.866
14,06/29/2026 22:05:00,25.802
14,06/29/2026 22:10:00,25.823
14,06/29/2026 22:15:00,25.845
14,06/29/2026 22:20:00,25.823
14,06/29/2026 22:25:00,25.77
14,06/29/2026 22:30:00,25.748
14,06/29/2026 22:35:00,25.716
14,06/29/2026 22:40:00,25.791
14,06/29/2026 22:45:00,25.78
14,06/29/2026 22:50:00,25.727
14,06/29/2026 22:55:00,25.673
14,06/29/2026 23:00:00,25.652
14,06/29/2026 23:05:00,25.673
14,06/29/2026 23:10:00,25.695
14,06/29/2026 23:15:00,25.684
14,06/29/2026 23:20:00,25.673
14,06/29/2026 23:25:00,25.695
14,06/29/2026 23:30:00,25.662
14,06/29/2026 23:35:00,25.673
14,06/29/2026 23:40:00,25.695
14,06/29/2026 23:45:00,25.705
14,06/29/2026 23:50:00,25.662
14,06/29/2026 23:55:00,25.63
14,06/30/2026 0:00:00,25.619
14,06/30/2026 0:05:00,25.63
14,06/30/2026 0:10:00,25.587
14,06/30/2026 0:15:00,25.577
14,06/30/2026 0:20:00,25.555
14,06/30/2026 0:25:00,25.512
14,06/30/2026 0:30:00,25.502
14,06/30/2026 0:35:00,25.523
14,06/30/2026 0:40:00,25.512
14,06/30/2026 0:45:00,25.512
14,06/30/2026 0:50:00,25.502
14,06/30/2026 0:55:00,25.512
14,06/30/2026 1:00:00,25.491
14,06/30/2026 1:05:00,25.523
14,06/30/2026 1:10:00,25.534
14,06/30/2026 1:15:00,25.502
14,06/30/2026 1:20:00,25.502
14,06/30/2026 1:25:00,25.512
14,06/30/2026 1:30:00,25.502
14,06/30/2026 1:35:00,25.523
14,06/30/2026 1:40:00,25.512
14,06/30/2026 1:45:00,25.534
14,06/30/2026 1:50:00,25.459
14,06/30/2026 1:55:00,25.491
14,06/30/2026 2:00:00,25.469
14,06/30/2026 2:05:00,25.48
14,06/30/2026 2:10:00,25.469
14,06/30/2026 2:15:00,25.459
14,06/30/2026 2:20:00,25.448
14,06/30/2026 2:25:00,25.416
14,06/30/2026 2:30:00,25.448
14,06/30/2026 2:35:00,25.437
14,06/30/2026 2:40:00,25.448
14,06/30/2026 2:45:00,25.405
14,06/30/2026 2:50:00,25.416
14,06/30/2026 2:55:00,25.362
14,06/30/2026 3:00:00,25.308
14,06/30/2026 3:05:00,25.319
14,06/30/2026 3:10:00,25.298
14,06/30/2026 3:15:00,25.255
14,06/30/2026 3:20:00,25.266
14,06/30/2026 3:25:00,25.233
14,06/30/2026 3:30:00,25.201
14,06/30/2026 3:35:00,25.137
14,06/30/2026 3:40:00,25.105
14,06/30/2026 3:45:00,25.051
14,06/30/2026 3:50:00,25.019
14,06/30/2026 3:55:00,24.976
14,06/30/2026 4:00:00,24.901
14,06/30/2026 4:05:00,24.837
14,06/30/2026 4:10:00,24.783
14,06/30/2026 4:15:00,24.751
14,06/30/2026 4:20:00,24.719
14,06/30/2026 4:25:00,24.654
14,06/30/2026 4:30:00,24.59
14,06/30/2026 4:35:00,24.547
14,06/30/2026 4:40:00,24.504
14,06/30/2026 4:45:00,24.45
14,06/30/2026 4:50:00,24.418
14,06/30/2026 4:55:00,24.375
14,06/30/2026 5:00:00,24.354
14,06/30/2026 5:05:00,24.322
14,06/30/2026 5:10:00,24.3
14,06/30/2026 5:15:00,24.29
14,06/30/2026 5:20:00,24.268
14,06/30/2026 5:25:00,24.214
14,06/30/2026 5:30:00,24.225
14,06/30/2026 5:35:00,24.182
14,06/30/2026 5:40:00,24.129
14,06/30/2026 5:45:00,24.086
14,06/30/2026 5:50:00,24.054
14,06/30/2026 5:55:00,24
14,06/30/2026 6:00:00,23.989
14,06/30/2026 6:05:00,23.979
14,06/30/2026 6:10:00,23.936
14,06/30/2026 6:15:00,23.914
14,06/30/2026 6:20:00,23.914
14,06/30/2026 6:25:00,23.903
14,06/30/2026 6:30:00,23.871
14,06/30/2026 6:35:00,23.861
14,06/30/2026 6:40:00,23.871
14,06/30/2026 6:45:00,23.871
14,06/30/2026 6:50:00,23.893
14,06/30/2026 6:55:00,23.893
14,06/30/2026 7:00:00,23.925
14,06/30/2026 7:05:00,23.968
14,06/30/2026 7:10:00,24
14,06/30/2026 7:15:00,24.075
14,06/30/2026 7:20:00,24.15
14,06/30/2026 7:25:00,24.204
14,06/30/2026 7:30:00,24.29
14,06/30/2026 7:35:00,24.365
14,06/30/2026 7:40:00,24.408
14,06/30/2026 7:45:00,24.483
14,06/30/2026 7:50:00,24.558
14,06/30/2026 7:55:00,24.644
14,06/30/2026 8:00:00,24.719